ticker,date,price
,,
QQQ,2020-01-02,209.09107971191406
QQQ,2020-01-03,207.1758270263672
QQQ,2020-01-06,208.51063537597656
QQQ,2020-01-07,208.48167419433594
QQQ,2020-01-08,210.04867553710938
QQQ,2020-01-09,211.8285369873047
QQQ,2020-01-10,211.28680419921875
QQQ,2020-01-13,213.7244110107422
QQQ,2020-01-14,212.88287353515625
QQQ,2020-01-15,212.96990966796875
QQQ,2020-01-16,215.01092529296875
QQQ,2020-01-17,216.074951171875
QQQ,2020-01-21,215.97821044921875
QQQ,2020-01-22,216.5489501953125
QQQ,2020-01-23,217.24537658691406
QQQ,2020-01-24,215.41720581054688
QQQ,2020-01-27,210.96763610839844
QQQ,2020-01-28,214.2080841064453
QQQ,2020-01-29,214.55630493164062
QQQ,2020-01-30,215.3204803466797
QQQ,2020-01-31,211.90589904785156
QQQ,2020-02-03,215.10763549804688
QQQ,2020-02-04,220.03115844726562
QQQ,2020-02-05,220.7567138671875
QQQ,2020-02-06,222.66224670410156
QQQ,2020-02-07,221.70462036132812
QQQ,2020-02-10,224.384033203125
QQQ,2020-02-11,224.42276000976562
QQQ,2020-02-12,226.60882568359375
QQQ,2020-02-13,226.3186492919922
QQQ,2020-02-14,226.9667510986328
QQQ,2020-02-18,227.0537872314453
QQQ,2020-02-19,229.23019409179688
QQQ,2020-02-20,227.1021728515625
QQQ,2020-02-21,222.73963928222656
QQQ,2020-02-24,214.1500244140625
QQQ,2020-02-25,208.32691955566406
QQQ,2020-02-26,209.400634765625
QQQ,2020-02-27,198.9150848388672
QQQ,2020-02-28,199.06988525390625
QQQ,2020-03-02,209.34254455566406
QQQ,2020-03-03,202.6295166015625
QQQ,2020-03-04,211.083740234375
QQQ,2020-03-05,204.67051696777344
QQQ,2020-03-06,201.21726989746094
QQQ,2020-03-09,187.23983764648438
QQQ,2020-03-10,197.43515014648438
QQQ,2020-03-11,188.83584594726562
QQQ,2020-03-12,171.52120971679688
QQQ,2020-03-13,186.0500030517578
QQQ,2020-03-16,163.7634735107422
QQQ,2020-03-17,176.18360900878906
QQQ,2020-03-18,170.8247833251953
QQQ,2020-03-19,171.85012817382812
QQQ,2020-03-20,165.11773681640625
QQQ,2020-03-23,165.23695373535156
QQQ,2020-03-24,178.032470703125
QQQ,2020-03-25,176.7141876220703
QQQ,2020-03-26,186.01998901367188
QQQ,2020-03-27,179.62225341796875
QQQ,2020-03-30,186.1557159423828
QQQ,2020-03-31,184.5659637451172
QQQ,2020-04-01,176.72386169433594
QQQ,2020-04-02,180.31048583984375
QQQ,2020-04-03,177.75132751464844
QQQ,2020-04-06,190.4596405029297
QQQ,2020-04-07,190.38211059570312
QQQ,2020-04-08,194.42433166503906
QQQ,2020-04-09,194.70547485351562
QQQ,2020-04-13,196.80892944335938
QQQ,2020-04-14,205.368408203125
QQQ,2020-04-15,203.0128631591797
QQQ,2020-04-16,206.71578979492188
QQQ,2020-04-17,208.69332885742188
QQQ,2020-04-20,206.221435546875
QQQ,2020-04-21,198.6120147705078
QQQ,2020-04-22,204.50567626953125
QQQ,2020-04-23,204.0694580078125
QQQ,2020-04-24,207.2877197265625
QQQ,2020-04-27,208.95501708984375
QQQ,2020-04-28,205.01942443847656
QQQ,2020-04-29,212.28964233398438
QQQ,2020-04-30,212.20240783691406
QQQ,2020-05-01,206.221435546875
QQQ,2020-05-04,208.62547302246094
QQQ,2020-05-05,210.99073791503906
QQQ,2020-05-06,212.28964233398438
QQQ,2020-05-07,215.023193359375
QQQ,2020-05-08,217.9700927734375
QQQ,2020-05-11,219.91848754882812
QQQ,2020-05-12,215.3140106201172
QQQ,2020-05-13,212.61920166015625
QQQ,2020-05-14,215.0328826904297
QQQ,2020-05-15,216.4287872314453
QQQ,2020-05-18,220.4613037109375
QQQ,2020-05-19,219.9087677001953
QQQ,2020-05-20,224.30001831054688
QQQ,2020-05-21,221.8572235107422
QQQ,2020-05-22,222.6230010986328
QQQ,2020-05-26,222.0220184326172
QQQ,2020-05-27,223.23367309570312
QQQ,2020-05-28,222.94288635253906
QQQ,2020-05-29,226.20960998535156
QQQ,2020-06-01,226.88818359375
QQQ,2020-06-02,228.41006469726562
QQQ,2020-06-03,229.43759155273438
QQQ,2020-06-04,227.82843017578125
QQQ,2020-06-05,232.34567260742188
QQQ,2020-06-08,234.14865112304688
QQQ,2020-06-09,235.8450927734375
QQQ,2020-06-10,238.67556762695312
QQQ,2020-06-11,226.84938049316406
QQQ,2020-06-12,228.65240478515625
QQQ,2020-06-15,231.4344940185547
QQQ,2020-06-16,235.40884399414062
QQQ,2020-06-17,236.15524291992188
QQQ,2020-06-18,236.7950439453125
QQQ,2020-06-19,236.75624084472656
QQQ,2020-06-22,239.59561157226562
QQQ,2020-06-23,241.63478088378906
QQQ,2020-06-24,236.65333557128906
QQQ,2020-06-25,238.90615844726562
QQQ,2020-06-26,233.26437377929688
QQQ,2020-06-29,235.80850219726562
QQQ,2020-06-30,240.43067932128906
QQQ,2020-07-01,243.23703002929688
QQQ,2020-07-02,244.8877716064453
QQQ,2020-07-06,250.90826416015625
QQQ,2020-07-07,249.1797637939453
QQQ,2020-07-08,252.46189880371094
QQQ,2020-07-09,254.5884552001953
QQQ,2020-07-10,256.3266906738281
QQQ,2020-07-13,251.05393981933594
QQQ,2020-07-14,252.83090209960938
QQQ,2020-07-15,253.34556579589844
QQQ,2020-07-16,251.61709594726562
QQQ,2020-07-17,251.90841674804688
QQQ,2020-07-20,259.0552978515625
QQQ,2020-07-21,256.3558349609375
QQQ,2020-07-22,257.2589111328125
QQQ,2020-07-23,250.53929138183594
QQQ,2020-07-24,248.16018676757812
QQQ,2020-07-27,252.58819580078125
QQQ,2020-07-28,249.3739776611328
QQQ,2020-07-29,252.24826049804688
QQQ,2020-07-30,253.56890869140625
QQQ,2020-07-31,258.0939636230469
QQQ,2020-08-03,261.58001708984375
QQQ,2020-08-04,262.5509948730469
QQQ,2020-08-05,263.2016906738281
QQQ,2020-08-06,266.687744140625
QQQ,2020-08-07,263.6095275878906
QQQ,2020-08-10,262.4830627441406
QQQ,2020-08-11,257.5113830566406
QQQ,2020-08-12,263.9882507324219
QQQ,2020-08-13,264.59027099609375
QQQ,2020-08-14,264.279541015625
QQQ,2020-08-17,267.34808349609375
QQQ,2020-08-18,269.9212341308594
QQQ,2020-08-19,268.10546875
QQQ,2020-08-20,271.8245849609375
QQQ,2020-08-21,273.70843505859375
QQQ,2020-08-24,275.4175109863281
QQQ,2020-08-25,277.5828857421875
QQQ,2020-08-26,283.5061950683594
QQQ,2020-08-27,282.6225891113281
QQQ,2020-08-28,284.0596618652344
QQQ,2020-08-31,286.34173583984375
QQQ,2020-09-01,291.23577880859375
QQQ,2020-09-02,293.9935302734375
QQQ,2020-09-03,279.0879821777344
QQQ,2020-09-04,275.3689270019531
QQQ,2020-09-08,262.1335754394531
QQQ,2020-09-09,269.8338928222656
QQQ,2020-09-10,264.4543151855469
QQQ,2020-09-11,262.619140625
QQQ,2020-09-14,267.1927185058594
QQQ,2020-09-15,270.9797058105469
QQQ,2020-09-16,266.6585388183594
QQQ,2020-09-17,262.4928283691406
QQQ,2020-09-18,259.14276123046875
QQQ,2020-09-21,259.76422119140625
QQQ,2020-09-22,264.59027099609375
QQQ,2020-09-23,256.5111389160156
QQQ,2020-09-24,257.7055358886719
QQQ,2020-09-25,263.6968994140625
QQQ,2020-09-28,269.17364501953125
QQQ,2020-09-29,267.9598083496094
QQQ,2020-09-30,269.7950744628906
QQQ,2020-10-01,274.077392578125
QQQ,2020-10-02,266.3672180175781
QQQ,2020-10-05,272.04791259765625
QQQ,2020-10-06,267.1927185058594
QQQ,2020-10-07,271.81488037109375
QQQ,2020-10-08,273.26165771484375
QQQ,2020-10-09,277.43719482421875
QQQ,2020-10-12,286.0018310546875
QQQ,2020-10-13,285.9920349121094
QQQ,2020-10-14,283.6033630371094
QQQ,2020-10-15,281.7001037597656
QQQ,2020-10-16,280.1561279296875
QQQ,2020-10-19,275.58251953125
QQQ,2020-10-20,276.17486572265625
QQQ,2020-10-21,275.961181640625
QQQ,2020-10-22,275.9515686035156
QQQ,2020-10-23,276.4952392578125
QQQ,2020-10-26,272.34893798828125
QQQ,2020-10-27,274.4755554199219
QQQ,2020-10-28,263.7746276855469
QQQ,2020-10-29,268.3870544433594
QQQ,2020-10-30,261.58001708984375
QQQ,2020-11-02,262.1627197265625
QQQ,2020-11-03,266.6974792480469
QQQ,2020-11-04,278.60247802734375
QQQ,2020-11-05,285.8658447265625
QQQ,2020-11-06,286.07940673828125
QQQ,2020-11-09,280.2338562011719
QQQ,2020-11-10,275.2135314941406
QQQ,2020-11-11,281.3699035644531
QQQ,2020-11-12,280.04925537109375
QQQ,2020-11-13,282.5060729980469
QQQ,2020-11-16,284.71026611328125
QQQ,2020-11-17,283.8072509765625
QQQ,2020-11-18,281.7097473144531
QQQ,2020-11-19,283.91412353515625
QQQ,2020-11-20,281.9720764160156
QQQ,2020-11-23,281.9816589355469
QQQ,2020-11-24,285.94354248046875
QQQ,2020-11-25,287.70111083984375
QQQ,2020-11-27,290.35205078125
QQQ,2020-11-30,290.9443664550781
QQQ,2020-12-01,294.6732482910156
QQQ,2020-12-02,295.052001953125
QQQ,2020-12-03,295.46954345703125
QQQ,2020-12-04,296.6735534667969
QQQ,2020-12-07,298.35357666015625
QQQ,2020-12-08,299.3633728027344
QQQ,2020-12-09,292.58551025390625
QQQ,2020-12-10,293.7604064941406
QQQ,2020-12-11,293.10992431640625
QQQ,2020-12-14,295.2364807128906
QQQ,2020-12-15,298.3923645019531
QQQ,2020-12-16,300.0333251953125
QQQ,2020-12-17,301.9949645996094
QQQ,2020-12-18,301.0821533203125
QQQ,2020-12-21,300.5189514160156
QQQ,2020-12-22,301.33599853515625
QQQ,2020-12-23,299.8183898925781
QQQ,2020-12-24,301.14154052734375
QQQ,2020-12-28,304.1766662597656
QQQ,2020-12-29,304.44903564453125
QQQ,2020-12-30,304.45867919921875
QQQ,2020-12-31,305.2077941894531
QQQ,2021-01-04,300.8982849121094
QQQ,2021-01-05,303.3789367675781
QQQ,2021-01-06,299.1763610839844
QQQ,2021-01-07,306.41412353515625
QQQ,2021-01-08,310.35394287109375
QQQ,2021-01-11,305.8692932128906
QQQ,2021-01-12,305.38287353515625
QQQ,2021-01-13,307.44525146484375
QQQ,2021-01-14,305.80120849609375
QQQ,2021-01-15,303.3789367675781
QQQ,2021-01-19,307.80523681640625
QQQ,2021-01-20,314.9649658203125
QQQ,2021-01-21,317.4845886230469
QQQ,2021-01-22,316.57012939453125
QQQ,2021-01-25,319.18701171875
QQQ,2021-01-26,319.65399169921875
QQQ,2021-01-27,310.7430419921875
QQQ,2021-01-28,312.5816650390625
QQQ,2021-01-29,306.00555419921875
QQQ,2021-02-01,313.6518249511719
QQQ,2021-02-02,318.76873779296875
QQQ,2021-02-03,317.5040588378906
QQQ,2021-02-04,321.25909423828125
QQQ,2021-02-05,322.34857177734375
QQQ,2021-02-08,324.5082092285156
QQQ,2021-02-09,324.4402160644531
QQQ,2021-02-10,323.7008056640625
QQQ,2021-02-11,325.4810485839844
QQQ,2021-02-12,327.3002014160156
QQQ,2021-02-16,326.41497802734375
QQQ,2021-02-17,324.8487243652344
QQQ,2021-02-18,323.428466796875
QQQ,2021-02-19,322.017822265625
QQQ,2021-02-22,313.6711730957031
QQQ,2021-02-23,312.7373046875
QQQ,2021-02-24,315.315185546875
QQQ,2021-02-25,304.322509765625
QQQ,2021-02-26,305.5968933105469
QQQ,2021-03-01,314.7899169921875
QQQ,2021-03-02,309.7410888671875
QQQ,2021-03-03,300.7523193359375
QQQ,2021-03-04,295.8299560546875
QQQ,2021-03-05,300.28546142578125
QQQ,2021-03-08,291.7831115722656
QQQ,2021-03-09,303.2913513183594
QQQ,2021-03-10,302.4255676269531
QQQ,2021-03-11,309.390869140625
QQQ,2021-03-12,306.8810119628906
QQQ,2021-03-15,310.15936279296875
QQQ,2021-03-16,311.86175537109375
QQQ,2021-03-17,313.14593505859375
QQQ,2021-03-18,303.5540466308594
QQQ,2021-03-19,304.6241760253906
QQQ,2021-03-22,310.3367919921875
QQQ,2021-03-23,308.9829406738281
QQQ,2021-03-24,303.7718811035156
QQQ,2021-03-25,303.2458190917969
QQQ,2021-03-26,307.7945251464844
QQQ,2021-03-29,307.70697021484375
QQQ,2021-03-30,306.1582336425781
QQQ,2021-03-31,310.8433837890625
QQQ,2021-04-01,316.14208984375
QQQ,2021-04-05,322.45379638671875
QQQ,2021-04-06,322.2297058105469
QQQ,2021-04-07,323.0090026855469
QQQ,2021-04-08,326.3791809082031
QQQ,2021-04-09,328.3564147949219
QQQ,2021-04-12,327.9278869628906
QQQ,2021-04-13,331.75579833984375
QQQ,2021-04-14,327.77203369140625
QQQ,2021-04-15,332.7395935058594
QQQ,2021-04-16,333.129150390625
QQQ,2021-04-19,330.0805358886719
QQQ,2021-04-20,327.674560546875
QQQ,2021-04-21,330.4798278808594
QQQ,2021-04-22,326.4960632324219
QQQ,2021-04-23,330.6064758300781
QQQ,2021-04-26,332.7591247558594
QQQ,2021-04-27,331.3174743652344
QQQ,2021-04-28,330.1973571777344
QQQ,2021-04-29,331.38568115234375
QQQ,2021-04-30,329.213623046875
QQQ,2021-05-03,327.4603271484375
QQQ,2021-05-04,321.5674743652344
QQQ,2021-05-05,320.4862365722656
QQQ,2021-05-06,322.90185546875
QQQ,2021-05-07,325.52197265625
QQQ,2021-05-10,317.3011169433594
QQQ,2021-05-11,316.8628845214844
QQQ,2021-05-12,308.6614685058594
QQQ,2021-05-13,311.0478515625
QQQ,2021-05-14,317.91485595703125
QQQ,2021-05-17,315.98626708984375
QQQ,2021-05-18,313.85302734375
QQQ,2021-05-19,314.2135314941406
QQQ,2021-05-20,320.2914123535156
QQQ,2021-05-21,318.5187072753906
QQQ,2021-05-24,323.87591552734375
QQQ,2021-05-25,324.32391357421875
QQQ,2021-05-26,325.45379638671875
QQQ,2021-05-27,324.236328125
QQQ,2021-05-28,325.2590026855469
QQQ,2021-06-01,324.1778869628906
QQQ,2021-06-02,324.8109130859375
QQQ,2021-06-03,321.4310607910156
QQQ,2021-06-04,326.8855895996094
QQQ,2021-06-07,327.85968017578125
QQQ,2021-06-08,328.01556396484375
QQQ,2021-06-09,328.09344482421875
QQQ,2021-06-10,331.51226806640625
QQQ,2021-06-11,332.37921142578125
QQQ,2021-06-14,335.56427001953125
QQQ,2021-06-15,333.3727722167969
QQQ,2021-06-16,332.15521240234375
QQQ,2021-06-17,336.37274169921875
QQQ,2021-06-18,333.7331237792969
QQQ,2021-06-21,335.80718994140625
QQQ,2021-06-22,338.9375915527344
QQQ,2021-06-23,339.103271484375
QQQ,2021-06-24,341.1999206542969
QQQ,2021-06-25,340.780517578125
QQQ,2021-06-28,344.9250183105469
QQQ,2021-06-29,346.1732482910156
QQQ,2021-06-30,345.6271057128906
QQQ,2021-07-01,345.7636413574219
QQQ,2021-07-02,349.7326354980469
QQQ,2021-07-06,351.2440490722656
QQQ,2021-07-07,351.9852294921875
QQQ,2021-07-08,349.8593444824219
QQQ,2021-07-09,352.04376220703125
QQQ,2021-07-12,353.4187316894531
QQQ,2021-07-13,353.4187316894531
QQQ,2021-07-14,354.05255126953125
QQQ,2021-07-15,351.5658874511719
QQQ,2021-07-16,348.7184753417969
QQQ,2021-07-19,345.8611755371094
QQQ,2021-07-20,349.8789367675781
QQQ,2021-07-21,352.5801086425781
QQQ,2021-07-22,354.91070556640625
QQQ,2021-07-23,359.05517578125
QQQ,2021-07-26,359.3379211425781
QQQ,2021-07-27,355.3788146972656
QQQ,2021-07-28,356.7440185546875
QQQ,2021-07-29,357.3778381347656
QQQ,2021-07-30,355.5153503417969
QQQ,2021-08-02,355.54461669921875
QQQ,2021-08-03,357.69970703125
QQQ,2021-08-04,358.21649169921875
QQQ,2021-08-05,360.4886474609375
QQQ,2021-08-06,358.90887451171875
QQQ,2021-08-09,359.572021484375
QQQ,2021-08-10,357.72894287109375
QQQ,2021-08-11,357.11456298828125
QQQ,2021-08-12,358.40185546875
QQQ,2021-08-13,359.6596984863281
QQQ,2021-08-16,359.81585693359375
QQQ,2021-08-17,356.64654541015625
QQQ,2021-08-18,353.2138977050781
QQQ,2021-08-19,354.92047119140625
QQQ,2021-08-20,358.5968017578125
QQQ,2021-08-23,363.9602355957031
QQQ,2021-08-24,365.0718994140625
QQQ,2021-08-25,365.4911804199219
QQQ,2021-08-26,363.1703186035156
QQQ,2021-08-27,366.700439453125
QQQ,2021-08-30,370.8155822753906
QQQ,2021-08-31,370.5133361816406
QQQ,2021-09-01,371.12762451171875
QQQ,2021-09-02,370.9521179199219
QQQ,2021-09-03,372.09307861328125
QQQ,2021-09-07,372.61962890625
QQQ,2021-09-08,371.3227844238281
QQQ,2021-09-09,370.04522705078125
QQQ,2021-09-10,367.2367858886719
QQQ,2021-09-13,366.9831848144531
QQQ,2021-09-14,365.9397888183594
QQQ,2021-09-15,368.6604919433594
QQQ,2021-09-16,368.9140930175781
QQQ,2021-09-17,364.5452880859375
QQQ,2021-09-20,357.0126647949219
QQQ,2021-09-21,357.45196533203125
QQQ,2021-09-22,360.79071044921875
QQQ,2021-09-23,364.1197204589844
QQQ,2021-09-24,364.4613952636719
QQQ,2021-09-27,361.55218505859375
QQQ,2021-09-28,351.3211364746094
QQQ,2021-09-29,350.7451171875
QQQ,2021-09-30,349.4564514160156
QQQ,2021-10-01,351.6237487792969
QQQ,2021-10-04,344.2433776855469
QQQ,2021-10-05,348.8902893066406
QQQ,2021-10-06,351.1258850097656
QQQ,2021-10-07,354.3475036621094
QQQ,2021-10-08,352.5804443359375
QQQ,2021-10-11,349.876220703125
QQQ,2021-10-12,348.6560363769531
QQQ,2021-10-13,351.4479675292969
QQQ,2021-10-14,357.9205627441406
QQQ,2021-10-15,360.1756591796875
QQQ,2021-10-18,363.7975769042969
QQQ,2021-10-19,366.55047607421875
QQQ,2021-10-20,366.07220458984375
QQQ,2021-10-21,368.30780029296875
QQQ,2021-10-22,365.2131652832031
QQQ,2021-10-25,368.9521179199219
QQQ,2021-10-26,370.11383056640625
QQQ,2021-10-27,370.972900390625
QQQ,2021-10-28,375.0926208496094
QQQ,2021-10-29,376.937744140625
QQQ,2021-11-01,378.2264099121094
QQQ,2021-11-02,379.807861328125
QQQ,2021-11-03,383.8398132324219
QQQ,2021-11-04,388.76007080078125
QQQ,2021-11-05,389.131103515625
QQQ,2021-11-08,388.6039123535156
QQQ,2021-11-09,385.92901611328125
QQQ,2021-11-10,380.2569885253906
QQQ,2021-11-11,381.31134033203125
QQQ,2021-11-12,385.3238220214844
QQQ,2021-11-15,385.23583984375
QQQ,2021-11-16,387.9791564941406
QQQ,2021-11-17,388.18408203125
QQQ,2021-11-18,392.20623779296875
QQQ,2021-11-19,394.3929748535156
QQQ,2021-11-22,389.814453125
QQQ,2021-11-23,388.0376892089844
QQQ,2021-11-24,389.28729248046875
QQQ,2021-11-26,381.9068908691406
QQQ,2021-11-29,390.1951599121094
QQQ,2021-11-30,384.4646301269531
QQQ,2021-12-01,377.9238586425781
QQQ,2021-12-02,380.64752197265625
QQQ,2021-12-03,374.0285949707031
QQQ,2021-12-06,377.0256652832031
QQQ,2021-12-07,388.3793640136719
QQQ,2021-12-08,390.1170959472656
QQQ,2021-12-09,384.3768005371094
QQQ,2021-12-10,388.5550842285156
QQQ,2021-12-13,382.9416809082031
QQQ,2021-12-14,378.9782409667969
QQQ,2021-12-15,387.6178894042969
QQQ,2021-12-16,377.65045166015625
QQQ,2021-12-17,375.7662353515625
QQQ,2021-12-20,372.1212463378906
QQQ,2021-12-21,380.4494323730469
QQQ,2021-12-22,385.0827941894531
QQQ,2021-12-23,387.98590087890625
QQQ,2021-12-27,394.39825439453125
QQQ,2021-12-28,392.5703125
QQQ,2021-12-29,392.5116882324219
QQQ,2021-12-30,391.3386535644531
QQQ,2021-12-31,388.89495849609375
QQQ,2022-01-03,392.63873291015625
QQQ,2022-01-04,387.5459899902344
QQQ,2022-01-05,375.64019775390625
QQQ,2022-01-06,375.376220703125
QQQ,2022-01-07,371.3099060058594
QQQ,2022-01-10,371.5542907714844
QQQ,2022-01-11,377.1357727050781
QQQ,2022-01-12,378.63134765625
QQQ,2022-01-13,369.159423828125
QQQ,2022-01-14,371.45654296875
QQQ,2022-01-18,362.20947265625
QQQ,2022-01-19,358.23114013671875
QQQ,2022-01-20,353.57818603515625
QQQ,2022-01-21,343.7739562988281
QQQ,2022-01-24,345.3476867675781
QQQ,2022-01-25,337.3420715332031
QQQ,2022-01-26,336.8142395019531
QQQ,2022-01-27,333.4223937988281
QQQ,2022-01-28,343.8815002441406
QQQ,2022-01-31,354.8782653808594
QQQ,2022-02-01,357.2926330566406
QQQ,2022-02-02,360.19580078125
QQQ,2022-02-03,345.592041015625
QQQ,2022-02-04,349.9516906738281
QQQ,2022-02-07,347.1365051269531
QQQ,2022-02-08,351.0367736816406
QQQ,2022-02-09,358.4754333496094
QQQ,2022-02-10,350.3621520996094
QQQ,2022-02-11,339.2481994628906
QQQ,2022-02-14,339.66845703125
QQQ,2022-02-15,348.11407470703125
QQQ,2022-02-16,348.02606201171875
QQQ,2022-02-17,337.6744384765625
QQQ,2022-02-18,333.8231201171875
QQQ,2022-02-22,330.47027587890625
QQQ,2022-02-23,322.0052490234375
QQQ,2022-02-24,332.82611083984375
QQQ,2022-02-25,337.9872131347656
QQQ,2022-02-28,338.9939880371094
QQQ,2022-03-01,333.80352783203125
QQQ,2022-03-02,339.4046325683594
QQQ,2022-03-03,334.5563049316406
QQQ,2022-03-04,329.70782470703125
QQQ,2022-03-07,317.5478210449219
QQQ,2022-03-08,316.0719299316406
QQQ,2022-03-09,327.4497985839844
QQQ,2022-03-10,323.8135986328125
QQQ,2022-03-11,317.0982360839844
QQQ,2022-03-14,311.0084533691406
QQQ,2022-03-15,320.7638244628906
QQQ,2022-03-16,332.659912109375
QQQ,2022-03-17,336.6871643066406
QQQ,2022-03-18,343.5784912109375
QQQ,2022-03-21,342.62322998046875
QQQ,2022-03-22,349.3567199707031
QQQ,2022-03-23,344.3359375
QQQ,2022-03-24,351.9894104003906
QQQ,2022-03-25,351.69586181640625
QQQ,2022-03-28,357.1373596191406
QQQ,2022-03-29,363.28363037109375
QQQ,2022-03-30,359.2709045410156
QQQ,2022-03-31,354.8178405761719
QQQ,2022-04-01,354.1425476074219
QQQ,2022-04-04,361.433837890625
QQQ,2022-04-05,353.4084777832031
QQQ,2022-04-06,345.7355651855469
QQQ,2022-04-07,346.5576477050781
QQQ,2022-04-08,341.7130126953125
QQQ,2022-04-11,333.6290588378906
QQQ,2022-04-12,332.21966552734375
QQQ,2022-04-13,338.97271728515625
QQQ,2022-04-14,331.2213439941406
QQQ,2022-04-18,331.47589111328125
QQQ,2022-04-19,338.8846740722656
QQQ,2022-04-20,333.94219970703125
QQQ,2022-04-21,327.0325012207031
QQQ,2022-04-22,318.46893310546875
QQQ,2022-04-25,322.5599365234375
QQQ,2022-04-26,310.3849182128906
QQQ,2022-04-27,310.01300048828125
QQQ,2022-04-28,321.0234069824219
QQQ,2022-04-29,306.5777587890625
QQQ,2022-05-02,311.6963806152344
QQQ,2022-05-03,312.0290832519531
QQQ,2022-05-04,322.5794982910156
QQQ,2022-05-05,306.3330383300781
QQQ,2022-05-06,302.6629638671875
QQQ,2022-05-09,290.8206481933594
QQQ,2022-05-10,294.35382080078125
QQQ,2022-05-11,285.6238098144531
QQQ,2022-05-12,284.94842529296875
QQQ,2022-05-13,295.5086364746094
QQQ,2022-05-16,292.08319091796875
QQQ,2022-05-17,299.6485595703125
QQQ,2022-05-18,284.9387512207031
QQQ,2022-05-19,283.41192626953125
QQQ,2022-05-20,282.5310363769531
QQQ,2022-05-23,287.22882080078125
QQQ,2022-05-24,281.12176513671875
QQQ,2022-05-25,285.0561828613281
QQQ,2022-05-26,292.95416259765625
QQQ,2022-05-27,302.51611328125
QQQ,2022-05-31,301.7135925292969
QQQ,2022-06-01,299.482177734375
QQQ,2022-06-02,307.68365478515625
QQQ,2022-06-03,299.67791748046875
QQQ,2022-06-06,300.67620849609375
QQQ,2022-06-07,303.2697448730469
QQQ,2022-06-08,301.0872802734375
QQQ,2022-06-09,293.0227355957031
QQQ,2022-06-10,282.6876525878906
QQQ,2022-06-13,269.54376220703125
QQQ,2022-06-14,270.0331115722656
QQQ,2022-06-15,276.7762756347656
QQQ,2022-06-16,265.6093444824219
QQQ,2022-06-17,268.8390808105469
QQQ,2022-06-21,275.6217041015625
QQQ,2022-06-22,275.2197570800781
QQQ,2022-06-23,279.318603515625
QQQ,2022-06-24,288.8890075683594
QQQ,2022-06-27,286.77093505859375
QQQ,2022-06-28,278.0339660644531
QQQ,2022-06-29,278.2889404296875
QQQ,2022-06-30,274.8373107910156
QQQ,2022-07-01,276.6513977050781
QQQ,2022-07-05,281.3876037597656
QQQ,2022-07-06,283.1918029785156
QQQ,2022-07-07,289.25189208984375
QQQ,2022-07-08,289.6146240234375
QQQ,2022-07-11,283.42718505859375
QQQ,2022-07-12,280.68157958984375
QQQ,2022-07-13,280.10302734375
QQQ,2022-07-14,281.103271484375
QQQ,2022-07-15,286.2021789550781
QQQ,2022-07-18,283.7801513671875
QQQ,2022-07-19,292.50732421875
QQQ,2022-07-20,297.1454772949219
QQQ,2022-07-21,301.4110412597656
QQQ,2022-07-22,296.1257019042969
QQQ,2022-07-25,294.4390869140625
QQQ,2022-07-26,288.6536560058594
QQQ,2022-07-27,300.85211181640625
QQQ,2022-07-28,303.7938537597656
QQQ,2022-07-29,309.33416748046875
QQQ,2022-08-01,309.1478271484375
QQQ,2022-08-02,308.2260437011719
QQQ,2022-08-03,316.619873046875
QQQ,2022-08-04,318.10052490234375
QQQ,2022-08-05,315.5019836425781
QQQ,2022-08-08,314.4822082519531
QQQ,2022-08-09,310.9227294921875
QQQ,2022-08-10,319.600830078125
QQQ,2022-08-11,317.7867431640625
QQQ,2022-08-12,323.9742736816406
QQQ,2022-08-15,326.5923767089844
QQQ,2022-08-16,325.8274841308594
QQQ,2022-08-17,322.1110534667969
QQQ,2022-08-18,322.8857421875
QQQ,2022-08-19,316.59039306640625
QQQ,2022-08-22,308.2554931640625
QQQ,2022-08-23,308.0005187988281
QQQ,2022-08-24,308.892822265625
QQQ,2022-08-25,314.3547058105469
QQQ,2022-08-26,301.46990966796875
QQQ,2022-08-29,298.4986877441406
QQQ,2022-08-30,295.17449951171875
QQQ,2022-08-31,293.4585266113281
QQQ,2022-09-01,293.5859680175781
QQQ,2022-09-02,289.4381408691406
QQQ,2022-09-06,287.35931396484375
QQQ,2022-09-07,293.1643981933594
QQQ,2022-09-08,294.68426513671875
QQQ,2022-09-09,301.12664794921875
QQQ,2022-09-12,304.705810546875
QQQ,2022-09-13,287.9967346191406
QQQ,2022-09-14,290.2814025878906
QQQ,2022-09-15,285.4471740722656
QQQ,2022-09-16,283.7018127441406
QQQ,2022-09-19,285.9110412597656
QQQ,2022-09-20,283.63201904296875
QQQ,2022-09-21,278.55328369140625
QQQ,2022-09-22,275.12493896484375
QQQ,2022-09-23,270.64544677734375
QQQ,2022-09-26,269.52557373046875
QQQ,2022-09-27,269.6336364746094
QQQ,2022-09-28,274.9972229003906
QQQ,2022-09-29,267.0697021484375
QQQ,2022-09-30,262.5411071777344
QQQ,2022-10-03,268.70037841796875
QQQ,2022-10-04,277.14849853515625
QQQ,2022-10-05,277.0011901855469
QQQ,2022-10-06,274.8204040527344
QQQ,2022-10-07,264.3486022949219
QQQ,2022-10-10,261.70611572265625
QQQ,2022-10-11,258.1107482910156
QQQ,2022-10-12,258.02227783203125
QQQ,2022-10-13,264.0736083984375
QQQ,2022-10-14,256.1361389160156
QQQ,2022-10-17,264.5941467285156
QQQ,2022-10-18,266.6866455078125
QQQ,2022-10-19,265.7140808105469
QQQ,2022-10-20,264.35833740234375
QQQ,2022-10-21,270.5569763183594
QQQ,2022-10-24,273.5334777832031
QQQ,2022-10-25,279.1917419433594
QQQ,2022-10-26,273.0226745605469
QQQ,2022-10-27,268.052001953125
QQQ,2022-10-28,276.254638671875
QQQ,2022-10-31,273.0423278808594
QQQ,2022-11-01,270.25244140625
QQQ,2022-11-02,260.9889831542969
QQQ,2022-11-03,255.890625
QQQ,2022-11-04,260.0066223144531
QQQ,2022-11-07,262.8652648925781
QQQ,2022-11-08,264.7808532714844
QQQ,2022-11-09,258.6706237792969
QQQ,2022-11-10,277.7575378417969
QQQ,2022-11-11,282.8755798339844
QQQ,2022-11-14,280.400146484375
QQQ,2022-11-15,284.2803955078125
QQQ,2022-11-16,280.400146484375
QQQ,2022-11-17,279.78125
QQQ,2022-11-18,279.79107666015625
QQQ,2022-11-21,276.9128723144531
QQQ,2022-11-22,280.9010925292969
QQQ,2022-11-23,283.7204284667969
QQQ,2022-11-25,281.85400390625
QQQ,2022-11-28,277.7182922363281
QQQ,2022-11-29,275.61614990234375
QQQ,2022-11-30,288.1802673339844
QQQ,2022-12-01,288.5339050292969
QQQ,2022-12-02,287.3845520019531
QQQ,2022-12-05,282.5612487792969
QQQ,2022-12-06,276.7065124511719
QQQ,2022-12-07,275.5767517089844
QQQ,2022-12-08,278.838134765625
QQQ,2022-12-09,277.06011962890625
QQQ,2022-12-12,280.5376281738281
QQQ,2022-12-13,283.55340576171875
QQQ,2022-12-14,281.45123291015625
QQQ,2022-12-15,272.0010986328125
QQQ,2022-12-16,269.4076843261719
QQQ,2022-12-19,265.62152099609375
QQQ,2022-12-20,265.4147033691406
QQQ,2022-12-21,269.2649230957031
QQQ,2022-12-22,262.6773376464844
QQQ,2022-12-23,263.26806640625
QQQ,2022-12-27,259.5459289550781
QQQ,2022-12-28,256.11920166015625
QQQ,2022-12-29,262.3621826171875
QQQ,2022-12-30,262.2046813964844
QQQ,2023-01-03,260.4322509765625
QQQ,2023-01-04,261.6728820800781
QQQ,2023-01-05,257.5765686035156
QQQ,2023-01-06,264.6861267089844
QQQ,2023-01-09,266.39947509765625
QQQ,2023-01-10,268.6543273925781
QQQ,2023-01-11,273.3021240234375
QQQ,2023-01-12,274.7791442871094
QQQ,2023-01-13,276.6698303222656
QQQ,2023-01-17,277.2310791015625
QQQ,2023-01-18,273.6270751953125
QQQ,2023-01-19,270.9388427734375
QQQ,2023-01-20,278.35357666015625
QQQ,2023-01-23,284.5375061035156
QQQ,2023-01-24,283.9565124511719
QQQ,2023-01-25,283.32635498046875
QQQ,2023-01-26,288.8504333496094
QQQ,2023-01-27,291.72576904296875
QQQ,2023-01-30,285.8274230957031
QQQ,2023-01-31,290.1109313964844
QQQ,2023-02-01,296.31451416015625
QQQ,2023-02-02,306.94915771484375
QQQ,2023-02-03,301.49395751953125
QQQ,2023-02-06,298.9436340332031
QQQ,2023-02-07,305.1373291015625
QQQ,2023-02-08,299.7116394042969
QQQ,2023-02-09,297.06280517578125
QQQ,2023-02-10,295.11322021484375
QQQ,2023-02-13,299.8396911621094
QQQ,2023-02-14,302.05523681640625
QQQ,2023-02-15,304.3692932128906
QQQ,2023-02-16,298.6580505371094
QQQ,2023-02-17,296.55078125
QQQ,2023-02-21,289.52996826171875
QQQ,2023-02-22,289.74652099609375
QQQ,2023-02-23,292.2772216796875
QQQ,2023-02-24,287.3832702636719
QQQ,2023-02-27,289.44122314453125
QQQ,2023-02-28,289.06707763671875
QQQ,2023-03-01,286.7433166503906
QQQ,2023-03-02,289.1163330078125
QQQ,2023-03-03,295.093505859375
QQQ,2023-03-06,295.4282531738281
QQQ,2023-03-07,291.8045654296875
QQQ,2023-03-08,293.2619323730469
QQQ,2023-03-09,288.1808776855469
QQQ,2023-03-10,284.1337890625
QQQ,2023-03-13,286.2410583496094
QQQ,2023-03-14,292.8187561035156
QQQ,2023-03-15,294.3548889160156
QQQ,2023-03-16,302.1143493652344
QQQ,2023-03-17,300.6864929199219
QQQ,2023-03-20,301.7536315917969
QQQ,2023-03-21,306.0633850097656
QQQ,2023-03-22,301.9015808105469
QQQ,2023-03-23,305.48150634765625
QQQ,2023-03-24,306.60577392578125
QQQ,2023-03-27,304.5051574707031
QQQ,2023-03-28,302.88775634765625
QQQ,2023-03-29,308.4106140136719
QQQ,2023-03-30,311.3298034667969
QQQ,2023-03-31,316.5074157714844
QQQ,2023-04-03,315.73822021484375
QQQ,2023-04-04,314.6731262207031
QQQ,2023-04-05,311.5664978027344
QQQ,2023-04-06,313.6671447753906
QQQ,2023-04-10,313.4895935058594
QQQ,2023-04-11,311.4776916503906
QQQ,2023-04-12,308.7261657714844
QQQ,2023-04-13,314.77166748046875
QQQ,2023-04-14,314.1799621582031
QQQ,2023-04-17,314.4462585449219
QQQ,2023-04-18,314.46600341796875
QQQ,2023-04-19,314.31805419921875
QQQ,2023-04-20,311.9215393066406
QQQ,2023-04-21,312.24700927734375
QQQ,2023-04-24,311.5960998535156
QQQ,2023-04-25,305.71820068359375
QQQ,2023-04-26,307.57232666015625
QQQ,2023-04-27,315.9354553222656
QQQ,2023-04-28,318.114990234375
QQQ,2023-05-01,317.7500915527344
QQQ,2023-05-02,314.9787902832031
QQQ,2023-05-03,312.9176330566406
QQQ,2023-05-04,311.81304931640625
QQQ,2023-05-05,318.4404602050781
QQQ,2023-05-08,319.2294616699219
QQQ,2023-05-09,317.2076416015625
QQQ,2023-05-10,320.65948486328125
QQQ,2023-05-11,321.7048645019531
QQQ,2023-05-12,320.5509338378906
QQQ,2023-05-15,322.2867126464844
QQQ,2023-05-16,322.651611328125
QQQ,2023-05-17,326.5570068359375
QQQ,2023-05-18,332.62225341796875
QQQ,2023-05-19,331.8727722167969
QQQ,2023-05-22,332.9872131347656
QQQ,2023-05-23,328.76611328125
QQQ,2023-05-24,327.0797424316406
QQQ,2023-05-25,335.03857421875
QQQ,2023-05-26,343.5989074707031
QQQ,2023-05-30,345.15716552734375
QQQ,2023-05-31,343.1945495605469
QQQ,2023-06-01,347.1591491699219
QQQ,2023-06-02,349.7628173828125
QQQ,2023-06-05,350.0093078613281
QQQ,2023-06-06,349.9501647949219
QQQ,2023-06-07,344.01312255859375
QQQ,2023-06-08,348.2834777832031
QQQ,2023-06-09,349.6148376464844
QQQ,2023-06-12,355.52227783203125
QQQ,2023-06-13,358.254150390625
QQQ,2023-06-14,360.8577575683594
QQQ,2023-06-15,365.15771484375
QQQ,2023-06-16,362.8597717285156
QQQ,2023-06-20,362.3403015136719
QQQ,2023-06-21,357.4024353027344
QQQ,2023-06-22,361.6194152832031
QQQ,2023-06-23,358.0345153808594
QQQ,2023-06-26,353.23492431640625
QQQ,2023-06-27,359.3084411621094
QQQ,2023-06-28,360.0096435546875
QQQ,2023-06-29,359.2887268066406
QQQ,2023-06-30,364.8290100097656
QQQ,2023-07-03,365.6882019042969
QQQ,2023-07-05,365.6782531738281
QQQ,2023-07-06,362.89337158203125
QQQ,2023-07-07,361.6885681152344
QQQ,2023-07-10,361.8070068359375
QQQ,2023-07-11,363.5945739746094
QQQ,2023-07-12,368.1867980957031
QQQ,2023-07-13,374.43804931640625
QQQ,2023-07-14,374.3591003417969
QQQ,2023-07-17,377.8550720214844
QQQ,2023-07-18,380.9461669921875
QQQ,2023-07-19,380.8573303222656
QQQ,2023-07-20,372.07781982421875
QQQ,2023-07-21,370.9618225097656
QQQ,2023-07-24,371.5544128417969
QQQ,2023-07-25,374.0726623535156
QQQ,2023-07-26,372.828369140625
QQQ,2023-07-27,371.93951416015625
QQQ,2023-07-28,378.7142333984375
QQQ,2023-07-31,378.91180419921875
QQQ,2023-08-01,378.0328674316406
QQQ,2023-08-02,369.73724365234375
QQQ,2023-08-03,369.1446838378906
QQQ,2023-08-04,367.41644287109375
QQQ,2023-08-07,370.52728271484375
QQQ,2023-08-08,367.3769836425781
QQQ,2023-08-09,363.3377685546875
QQQ,2023-08-10,364.00933837890625
QQQ,2023-08-11,361.6885681152344
QQQ,2023-08-14,365.7474670410156
QQQ,2023-08-15,361.8662414550781
QQQ,2023-08-16,358.0345153808594
QQQ,2023-08-17,354.1237487792969
QQQ,2023-08-18,353.6793212890625
QQQ,2023-08-21,359.3775939941406
QQQ,2023-08-22,358.8641052246094
QQQ,2023-08-23,364.5228271484375
QQQ,2023-08-24,356.7309265136719
QQQ,2023-08-25,359.4961242675781
QQQ,2023-08-28,362.20208740234375
QQQ,2023-08-29,370.1125183105469
QQQ,2023-08-30,372.176513671875
QQQ,2023-08-31,373.29248046875
QQQ,2023-09-01,372.8974304199219
QQQ,2023-09-05,373.3714904785156
QQQ,2023-09-06,370.08294677734375
QQQ,2023-09-07,367.4361877441406
QQQ,2023-09-08,367.94970703125
QQQ,2023-09-11,372.28515625
QQQ,2023-09-12,368.1571350097656
QQQ,2023-09-13,369.5594787597656
QQQ,2023-09-14,372.5814514160156
QQQ,2023-09-15,366.20172119140625
QQQ,2023-09-18,366.58349609375
QQQ,2023-09-19,365.8021545410156
QQQ,2023-09-20,360.5307922363281
QQQ,2023-09-21,353.9242248535156
QQQ,2023-09-22,353.97369384765625
QQQ,2023-09-25,355.65496826171875
QQQ,2023-09-26,350.31439208984375
QQQ,2023-09-27,351.1352844238281
QQQ,2023-09-28,354.07269287109375
QQQ,2023-09-29,354.3297119140625
QQQ,2023-10-02,357.2868957519531
QQQ,2023-10-03,351.0166015625
QQQ,2023-10-04,355.79345703125
QQQ,2023-10-05,354.7451477050781
QQQ,2023-10-06,360.6889953613281
QQQ,2023-10-09,362.5285339355469
QQQ,2023-10-10,364.5362548828125
QQQ,2023-10-11,367.1373291015625
QQQ,2023-10-12,365.8614807128906
QQQ,2023-10-13,361.26263427734375
QQQ,2023-10-16,365.34722900390625
QQQ,2023-10-17,364.1505432128906
QQQ,2023-10-18,359.3736572265625
QQQ,2023-10-19,356.01104736328125
QQQ,2023-10-20,350.7000732421875
QQQ,2023-10-23,351.75836181640625
QQQ,2023-10-24,355.1802673339844
QQQ,2023-10-25,346.4869079589844
QQQ,2023-10-26,339.88043212890625
QQQ,2023-10-27,341.5122985839844
QQQ,2023-10-30,345.3594665527344
QQQ,2023-10-31,347.0111389160156
QQQ,2023-11-01,353.0341796875
QQQ,2023-11-02,359.44287109375
QQQ,2023-11-03,363.6659240722656
QQQ,2023-11-06,365.1494140625
QQQ,2023-11-07,368.6010437011719
QQQ,2023-11-08,368.8384094238281
QQQ,2023-11-09,365.9999694824219
QQQ,2023-11-10,374.2284851074219
QQQ,2023-11-13,373.0614318847656
QQQ,2023-11-14,381.0921325683594
QQQ,2023-11-15,381.37890625
QQQ,2023-11-16,381.705322265625
QQQ,2023-11-17,381.7943420410156
QQQ,2023-11-20,386.4426574707031
QQQ,2023-11-21,384.1976013183594
QQQ,2023-11-22,385.7701416015625
QQQ,2023-11-24,385.2261657714844
QQQ,2023-11-27,384.8899230957031
QQQ,2023-11-28,385.8987121582031
QQQ,2023-11-29,385.5228576660156
QQQ,2023-11-30,384.55364990234375
QQQ,2023-12-01,385.6514587402344
QQQ,2023-12-04,382.07122802734375
QQQ,2023-12-05,383.03057861328125
QQQ,2023-12-06,380.815185546875
QQQ,2023-12-07,386.1360168457031
QQQ,2023-12-08,387.8569030761719
QQQ,2023-12-11,391.17010498046875
QQQ,2023-12-12,394.2854309082031
QQQ,2023-12-13,399.2996826171875
QQQ,2023-12-14,398.95355224609375
QQQ,2023-12-15,400.882080078125
QQQ,2023-12-18,403.40704345703125
QQQ,2023-12-19,405.46832275390625
QQQ,2023-12-20,399.4431457519531
QQQ,2023-12-21,404.0908203125
QQQ,2023-12-22,404.69537353515625
QQQ,2023-12-26,407.17279052734375
QQQ,2023-12-27,408.001708984375
QQQ,2023-12-28,407.8033752441406
QQQ,2023-12-29,406.03851318359375
QQQ,2024-01-02,399.16741943359375
QQQ,2024-01-03,394.94366455078125
QQQ,2024-01-04,392.91107177734375
QQQ,2024-01-05,393.3771057128906
QQQ,2024-01-08,401.50738525390625
QQQ,2024-01-09,402.30059814453125
QQQ,2024-01-10,405.0272216796875
QQQ,2024-01-11,405.8699645996094
QQQ,2024-01-12,406.07818603515625
QQQ,2024-01-16,406.03851318359375
QQQ,2024-01-17,403.7481384277344
QQQ,2024-01-18,409.4790344238281
QQQ,2024-01-19,417.5993957519531
QQQ,2024-01-22,418.1447448730469
QQQ,2024-01-23,419.8798522949219
QQQ,2024-01-24,422.2098693847656
QQQ,2024-01-25,422.7254638671875
QQQ,2024-01-26,420.2070617675781
QQQ,2024-01-29,424.5101318359375
QQQ,2024-01-30,421.6844177246094
QQQ,2024-01-31,413.42523193359375
QQQ,2024-02-01,418.2934875488281
QQQ,2024-02-02,425.3628234863281
QQQ,2024-02-05,424.8075866699219
QQQ,2024-02-06,423.9549560546875
QQQ,2024-02-07,428.3175048828125
QQQ,2024-02-08,429.1107482910156
QQQ,2024-02-09,433.33447265625
QQQ,2024-02-12,431.6390686035156
QQQ,2024-02-13,424.90673828125
QQQ,2024-02-14,429.53704833984375
QQQ,2024-02-15,430.81610107421875
QQQ,2024-02-16,426.9096374511719
QQQ,2024-02-20,423.6872253417969
QQQ,2024-02-21,421.99169921875
QQQ,2024-02-22,434.3458251953125
QQQ,2024-02-23,433.0667724609375
QQQ,2024-02-26,432.8387451171875
QQQ,2024-02-27,433.87982177734375
QQQ,2024-02-28,431.569580078125
QQQ,2024-02-29,435.2679138183594
QQQ,2024-03-01,441.82171630859375
QQQ,2024-03-04,440.2452392578125
QQQ,2024-03-05,432.3429870605469
QQQ,2024-03-06,435.0597229003906
QQQ,2024-03-07,441.6631164550781
QQQ,2024-03-08,435.2877197265625
QQQ,2024-03-11,433.6716003417969
QQQ,2024-03-12,439.8883361816406
QQQ,2024-03-13,436.50726318359375
QQQ,2024-03-14,435.4067687988281
QQQ,2024-03-15,430.23114013671875
QQQ,2024-03-18,434.33441162109375
QQQ,2024-03-19,435.41656494140625
QQQ,2024-03-20,440.57916259765625
QQQ,2024-03-21,442.6640625
QQQ,2024-03-22,443.17041015625
QQQ,2024-03-25,441.5620422363281
QQQ,2024-03-26,440.1324157714844
QQQ,2024-03-27,441.63153076171875
QQQ,2024-03-28,440.81744384765625
QQQ,2024-04-01,441.7507019042969
QQQ,2024-04-02,437.93829345703125
QQQ,2024-04-03,438.9211730957031
QQQ,2024-04-04,432.20977783203125
QQQ,2024-04-05,437.3028869628906
QQQ,2024-04-08,437.4319763183594
QQQ,2024-04-09,439.05023193359375
QQQ,2024-04-10,435.2180480957031
QQQ,2024-04-11,442.16766357421875
QQQ,2024-04-12,435.11871337890625
QQQ,2024-04-15,427.9605407714844
QQQ,2024-04-16,428.0002746582031
QQQ,2024-04-17,422.778076171875
QQQ,2024-04-18,420.3655700683594
QQQ,2024-04-19,411.6685791015625
QQQ,2024-04-22,415.8085632324219
QQQ,2024-04-23,422.01361083984375
QQQ,2024-04-24,423.44329833984375
QQQ,2024-04-25,421.3981018066406
QQQ,2024-04-26,427.9009704589844
QQQ,2024-04-29,429.6383972167969
QQQ,2024-04-30,421.53704833984375
QQQ,2024-05-01,418.4891052246094
QQQ,2024-05-02,423.8304138183594
QQQ,2024-05-03,432.3487548828125
QQQ,2024-05-06,437.08447265625
QQQ,2024-05-07,437.1539611816406
QQQ,2024-05-08,436.8958435058594
QQQ,2024-05-09,437.84893798828125
QQQ,2024-05-10,438.8814697265625
QQQ,2024-05-13,439.8940734863281
QQQ,2024-05-14,442.7236633300781
QQQ,2024-05-15,449.6435241699219
QQQ,2024-05-16,448.7301940917969
QQQ,2024-05-17,448.51171875
QQQ,2024-05-20,451.6390686035156
QQQ,2024-05-21,452.52264404296875
QQQ,2024-05-22,452.433349609375
QQQ,2024-05-23,450.3980712890625
QQQ,2024-05-24,454.6571960449219
QQQ,2024-05-28,456.3747863769531
QQQ,2024-05-29,453.1580810546875
QQQ,2024-05-30,448.30322265625
QQQ,2024-05-31,447.4692687988281
QQQ,2024-06-03,449.8718566894531
QQQ,2024-06-04,451.1029357910156
QQQ,2024-06-05,460.1971130371094
QQQ,2024-06-06,460.0382385253906
QQQ,2024-06-07,459.6312255859375
QQQ,2024-06-10,461.48773193359375
QQQ,2024-06-11,464.65478515625
QQQ,2024-06-12,470.74072265625
QQQ,2024-06-13,473.292236328125
QQQ,2024-06-14,475.7444763183594
QQQ,2024-06-17,481.572265625
QQQ,2024-06-18,481.72119140625
QQQ,2024-06-20,478.00811767578125
QQQ,2024-06-21,476.7273864746094
QQQ,2024-06-24,471.3000183105469
QQQ,2024-06-25,476.6896057128906
QQQ,2024-06-26,477.67401123046875
QQQ,2024-06-27,478.90704345703125
QQQ,2024-06-28,476.42108154296875
QQQ,2024-07-01,479.2153625488281
QQQ,2024-07-02,484.2469482421875
QQQ,2024-07-03,488.2841796875
QQQ,2024-07-05,493.37542724609375
QQQ,2024-07-08,494.5487976074219
QQQ,2024-07-09,494.9763488769531
QQQ,2024-07-10,500.1372375488281
QQQ,2024-07-11,489.1691589355469
QQQ,2024-07-12,492.0429382324219
QQQ,2024-07-15,493.3654479980469
QQQ,2024-07-16,493.55438232421875
QQQ,2024-07-17,479.066162109375
QQQ,2024-07-18,476.7989501953125
QQQ,2024-07-19,472.5728454589844
QQQ,2024-07-22,479.61309814453125
QQQ,2024-07-23,477.9226379394531
QQQ,2024-07-24,460.77935791015625
QQQ,2024-07-25,455.69805908203125
QQQ,2024-07-26,460.3716735839844
QQQ,2024-07-29,461.2964782714844
QQQ,2024-07-30,454.96221923828125
QQQ,2024-07-31,468.4262390136719
QQQ,2024-08-01,457.08026123046875
QQQ,2024-08-02,446.23150634765625
QQQ,2024-08-05,432.92657470703125
QQQ,2024-08-06,437.063232421875
QQQ,2024-08-07,432.3299255371094
QQQ,2024-08-08,445.5552978515625
QQQ,2024-08-09,447.8821716308594
QQQ,2024-08-12,448.8467102050781
QQQ,2024-08-13,459.9838562011719
QQQ,2024-08-14,460.1330261230469
QQQ,2024-08-15,471.7574768066406
QQQ,2024-08-16,472.3639831542969
QQQ,2024-08-19,478.5689697265625
QQQ,2024-08-20,477.5646667480469
QQQ,2024-08-21,479.7920837402344
QQQ,2024-08-22,472.1850280761719
QQQ,2024-08-23,477.30609130859375
QQQ,2024-08-26,472.6722412109375
QQQ,2024-08-27,474.08428955078125
QQQ,2024-08-28,468.7046203613281
QQQ,2024-08-29,468.0185241699219
QQQ,2024-08-30,473.5970458984375
QQQ,2024-09-03,459.2181701660156
QQQ,2024-09-04,458.02490234375
QQQ,2024-09-05,458.4525146484375
QQQ,2024-09-06,446.1718444824219
QQQ,2024-09-09,451.9094543457031
QQQ,2024-09-10,456.08587646484375
QQQ,2024-09-11,465.989990234375
QQQ,2024-09-12,470.5641784667969
QQQ,2024-09-13,472.6722412109375
QQQ,2024-09-16,470.58404541015625
QQQ,2024-09-17,470.8326416015625
QQQ,2024-09-18,468.79412841796875
QQQ,2024-09-19,480.647216796875
QQQ,2024-09-20,479.7323913574219
QQQ,2024-09-23,481.0040283203125
QQQ,2024-09-24,483.3241882324219
QQQ,2024-09-25,483.7723083496094
QQQ,2024-09-26,487.40692138671875
QQQ,2024-09-27,484.6983947753906
QQQ,2024-09-30,486.0128479003906
QQQ,2024-10-01,479.241455078125
QQQ,2024-10-02,479.91864013671875
QQQ,2024-10-03,479.5601501464844
QQQ,2024-10-04,485.2659912109375
QQQ,2024-10-07,480.0680236816406
QQQ,2024-10-08,487.2376403808594
QQQ,2024-10-09,491.0714111328125
QQQ,2024-10-10,490.5137634277344
QQQ,2024-10-11,491.280517578125
QQQ,2024-10-14,495.4030456542969
QQQ,2024-10-15,488.7810974121094
QQQ,2024-10-16,488.8408508300781
QQQ,2024-10-17,489.1794128417969
QQQ,2024-10-18,492.3858337402344
QQQ,2024-10-21,493.3318786621094
QQQ,2024-10-22,493.86956787109375
QQQ,2024-10-23,486.30157470703125
QQQ,2024-10-24,490.2449035644531
QQQ,2024-10-25,493.2322692871094
QQQ,2024-10-28,493.3119201660156
QQQ,2024-10-29,498.0518798828125
QQQ,2024-10-30,494.28778076171875
QQQ,2024-10-31,481.8106384277344
QQQ,2024-11-01,485.3755187988281
QQQ,2024-11-04,483.9615173339844
QQQ,2024-11-05,490.1353759765625
QQQ,2024-11-06,503.4490051269531
QQQ,2024-11-07,511.3753967285156
QQQ,2024-11-08,511.97296142578125
QQQ,2024-11-11,511.67425537109375
QQQ,2024-11-12,510.7481384277344
QQQ,2024-11-13,510.0909118652344
QQQ,2024-11-14,506.54595947265625
QQQ,2024-11-15,494.47698974609375
QQQ,2024-11-18,497.9124755859375
QQQ,2024-11-19,501.33795166015625
QQQ,2024-11-20,501.0491943359375
QQQ,2024-11-21,502.8515930175781
QQQ,2024-11-22,503.65814208984375
QQQ,2024-11-25,504.45477294921875
QQQ,2024-11-26,507.1632995605469
QQQ,2024-11-27,503.1701965332031
QQQ,2024-11-29,507.5914611816406
QQQ,2024-12-02,513.1181030273438
QQQ,2024-12-03,514.69140625
QQQ,2024-12-04,521.0545043945312
QQQ,2024-12-05,519.610595703125
QQQ,2024-12-06,524.2609252929688
QQQ,2024-12-09,520.17822265625
QQQ,2024-12-10,518.4057006835938
QQQ,2024-12-11,527.6864624023438
QQQ,2024-12-12,524.2808227539062
QQQ,2024-12-13,528.2938842773438
QQQ,2024-12-16,535.9016723632812
QQQ,2024-12-17,533.5416259765625
QQQ,2024-12-18,514.2930908203125
QQQ,2024-12-19,512.0028076171875
QQQ,2024-12-20,516.473876953125
QQQ,2024-12-23,521.5057373046875
QQQ,2024-12-24,528.5772705078125
QQQ,2024-12-26,528.2182006835938
QQQ,2024-12-27,521.196533203125
QQQ,2024-12-30,514.2646484375
QQQ,2024-12-31,509.8961181640625
QQQ,2025-01-02,508.8987121582031
QQQ,2025-01-03,517.2269287109375
QQQ,2025-01-06,523.1713256835938
QQQ,2025-01-07,513.8357543945312
QQQ,2025-01-08,513.925537109375
QQQ,2025-01-10,505.8666687011719
QQQ,2025-01-13,504.2408752441406
QQQ,2025-01-14,503.76214599609375
QQQ,2025-01-15,515.351806640625
QQQ,2025-01-16,511.7413024902344
QQQ,2025-01-17,520.378662109375
QQQ,2025-01-21,523.4307250976562
QQQ,2025-01-22,530.1231689453125
QQQ,2025-01-23,531.250244140625
QQQ,2025-01-24,528.2481079101562
QQQ,2025-01-27,512.8683471679688
QQQ,2025-01-28,520.448486328125
QQQ,2025-01-29,519.4710693359375
QQQ,2025-01-30,521.6852416992188
QQQ,2025-01-31,520.92724609375
QQQ,2025-02-03,516.7581176757812
QQQ,2025-02-04,523.1015625
QQQ,2025-02-05,525.475341796875
QQQ,2025-02-06,528.2182006835938
QQQ,2025-02-07,521.5556030273438
QQQ,2025-02-10,527.8690795898438
QQQ,2025-02-11,526.6123657226562
QQQ,2025-02-12,526.9215087890625
QQQ,2025-02-13,534.5017700195312
QQQ,2025-02-14,536.7459106445312
QQQ,2025-02-18,537.962646484375
QQQ,2025-02-19,538.1123046875
QQQ,2025-02-20,535.8281860351562
QQQ,2025-02-21,524.7073364257812
QQQ,2025-02-24,518.5135498046875
QQQ,2025-02-25,511.9806823730469
QQQ,2025-02-26,513.2174682617188
QQQ,2025-02-27,498.9646911621094
QQQ,2025-02-28,506.8441162109375
QQQ,2025-03-03,495.7530822753906
QQQ,2025-03-04,494.25701904296875
QQQ,2025-03-05,500.7001647949219
QQQ,2025-03-06,486.92620849609375
QQQ,2025-03-07,490.5068359375
QQQ,2025-03-10,471.4965515136719
QQQ,2025-03-11,470.3695068359375
QQQ,2025-03-12,475.6756591796875
QQQ,2025-03-13,467.1180114746094
QQQ,2025-03-14,478.4084777832031
QQQ,2025-03-17,481.5103454589844
QQQ,2025-03-18,473.3018493652344
QQQ,2025-03-19,479.6352844238281
QQQ,2025-03-20,478.009521484375
QQQ,2025-03-21,479.58538818359375
QQQ,2025-03-24,490.10955810546875
QQQ,2025-03-25,492.90643310546875
QQQ,2025-03-26,483.83660888671875
QQQ,2025-03-27,481.0797119140625
QQQ,2025-03-28,468.4139404296875
QQQ,2025-03-31,468.39398193359375
QQQ,2025-04-01,472.16973876953125
QQQ,2025-04-02,475.6158447265625
QQQ,2025-04-03,450.1544494628906
QQQ,2025-04-04,422.19586181640625
QQQ,2025-04-07,423.2146911621094
QQQ,2025-04-08,415.59326171875
QQQ,2025-04-09,465.47723388671875
QQQ,2025-04-10,445.6794738769531
QQQ,2025-04-11,453.8902282714844
QQQ,2025-04-14,456.966796875
QQQ,2025-04-15,457.4761962890625
QQQ,2025-04-16,443.68170166015625
QQQ,2025-04-17,443.601806640625
QQQ,2025-04-21,432.6241149902344
QQQ,2025-04-22,443.98138427734375
QQQ,2025-04-23,454.050048828125
QQQ,2025-04-24,466.8257141113281
QQQ,2025-04-25,472.0298767089844
QQQ,2025-04-28,471.8800354003906
QQQ,2025-04-29,474.9965515136719
QQQ,2025-04-30,474.9366149902344
QQQ,2025-05-01,481.1396484375
QQQ,2025-05-02,488.2816162109375
QQQ,2025-05-05,485.3848571777344
QQQ,2025-05-06,480.86993408203125
QQQ,2025-05-07,482.7578125
QQQ,2025-05-08,487.74224853515625
QQQ,2025-05-09,487.4225769042969
QQQ,2025-05-12,507.2803039550781
QQQ,2025-05-13,515.0116577148438
QQQ,2025-05-14,518.09814453125
QQQ,2025-05-15,518.66748046875
QQQ,2025-05-16,520.9249877929688
QQQ,2025-05-19,521.4244384765625
QQQ,2025-05-20,519.6863403320312
QQQ,2025-05-21,512.4644165039062
QQQ,2025-05-22,513.4234008789062
QQQ,2025-05-23,508.668701171875
QQQ,2025-05-27,520.63525390625
QQQ,2025-05-28,518.3278198242188
QQQ,2025-05-29,519.3467407226562
QQQ,2025-05-30,518.5276489257812
QQQ,2025-06-02,522.623046875
QQQ,2025-06-03,526.7084350585938
QQQ,2025-06-04,528.1768188476562
QQQ,2025-06-05,524.2012329101562
QQQ,2025-06-06,529.3255004882812
QQQ,2025-06-09,530.1046752929688
QQQ,2025-06-10,533.6107177734375
QQQ,2025-06-11,531.8126831054688
QQQ,2025-06-12,533.061279296875
QQQ,2025-06-13,526.368896484375
QQQ,2025-06-16,533.6906127929688
QQQ,2025-06-17,528.4865112304688
QQQ,2025-06-18,528.3965454101562
QQQ,2025-06-20,526.239013671875
QQQ,2025-06-23,531.6500244140625
QQQ,2025-06-24,539.780029296875
QQQ,2025-06-25,541.1599731445312
QQQ,2025-06-26,546.219970703125
QQQ,2025-06-27,548.0900268554688
QQQ,2025-06-30,551.6400146484375
QQQ,2025-07-01,546.989990234375
QQQ,2025-07-02,550.7999877929688
QQQ,2025-07-03,556.219970703125
QQQ,2025-07-07,552.030029296875
QQQ,2025-07-08,552.3400268554688
QQQ,2025-07-09,556.25
QQQ,2025-07-10,555.4500122070312
QQQ,2025-07-11,554.2000122070312
QQQ,2025-07-14,556.2100219726562
QQQ,2025-07-15,556.719970703125
QQQ,2025-07-16,557.2899780273438
QQQ,2025-07-17,561.7999877929688
QQQ,2025-07-18,561.260009765625
QQQ,2025-07-21,564.1699829101562
QQQ,2025-07-22,561.25
QQQ,2025-07-23,563.8099975585938
QQQ,2025-07-24,565.010009765625
QQQ,2025-07-25,566.3699951171875
QQQ,2025-07-28,568.1400146484375
QQQ,2025-07-29,567.260009765625
QQQ,2025-07-30,568.02001953125
QQQ,2025-07-31,565.010009765625
QQQ,2025-08-01,553.8800048828125
QQQ,2025-08-04,564.0999755859375
QQQ,2025-08-05,560.27001953125
QQQ,2025-08-06,567.3200073242188
QQQ,2025-08-07,569.239990234375
QQQ,2025-08-08,574.5499877929688
QQQ,2025-08-11,572.8499755859375
QQQ,2025-08-12,580.0499877929688
QQQ,2025-08-13,580.3400268554688
QQQ,2025-08-14,579.8900146484375
QQQ,2025-08-15,577.3400268554688
QQQ,2025-08-18,577.1099853515625
QQQ,2025-08-19,569.280029296875
QQQ,2025-08-20,565.9000244140625
QQQ,2025-08-21,563.280029296875
QQQ,2025-08-22,571.969970703125
SPY,2020-01-02,299.4064636230469
SPY,2020-01-03,297.1392822265625
SPY,2020-01-06,298.27288818359375
SPY,2020-01-07,297.4341735839844
SPY,2020-01-08,299.0194396972656
SPY,2020-01-09,301.04693603515625
SPY,2020-01-10,300.18060302734375
SPY,2020-01-13,302.2450866699219
SPY,2020-01-14,301.78424072265625
SPY,2020-01-15,302.4662170410156
SPY,2020-01-16,304.9822692871094
SPY,2020-01-17,305.9314880371094
SPY,2020-01-21,305.3324890136719
SPY,2020-01-22,305.36932373046875
SPY,2020-01-23,305.7195739746094
SPY,2020-01-24,303.000732421875
SPY,2020-01-27,298.1438293457031
SPY,2020-01-28,301.2681579589844
SPY,2020-01-29,301.0193176269531
SPY,2020-01-30,301.9962158203125
SPY,2020-01-31,296.5125732421875
SPY,2020-02-03,298.7152099609375
SPY,2020-02-04,303.2680358886719
SPY,2020-02-05,306.7701721191406
SPY,2020-02-06,307.8023986816406
SPY,2020-02-07,306.1618957519531
SPY,2020-02-10,308.4476013183594
SPY,2020-02-11,308.98211669921875
SPY,2020-02-12,310.9727783203125
SPY,2020-02-13,310.6410217285156
SPY,2020-02-14,311.1387023925781
SPY,2020-02-18,310.3368835449219
SPY,2020-02-19,311.8206787109375
SPY,2020-02-20,310.53961181640625
SPY,2020-02-21,307.341552734375
SPY,2020-02-24,297.1484680175781
SPY,2020-02-25,288.1441955566406
SPY,2020-02-26,287.0843811035156
SPY,2020-02-27,274.19097900390625
SPY,2020-02-28,273.0389404296875
SPY,2020-03-02,284.86328125
SPY,2020-03-03,276.7070007324219
SPY,2020-03-04,288.3377990722656
SPY,2020-03-05,278.7528991699219
SPY,2020-03-06,274.1448669433594
SPY,2020-03-09,252.73562622070312
SPY,2020-03-10,265.8135070800781
SPY,2020-03-11,252.85548400878906
SPY,2020-03-12,228.66294860839844
SPY,2020-03-13,248.21051025390625
SPY,2020-03-16,221.05038452148438
SPY,2020-03-17,232.98536682128906
SPY,2020-03-18,221.18862915039062
SPY,2020-03-19,221.65867614746094
SPY,2020-03-20,212.10641479492188
SPY,2020-03-23,206.68324279785156
SPY,2020-03-24,225.40943908691406
SPY,2020-03-25,228.7838592529297
SPY,2020-03-26,242.14251708984375
SPY,2020-03-27,234.93011474609375
SPY,2020-03-30,242.5596923828125
SPY,2020-03-31,238.94422912597656
SPY,2020-04-01,228.19056701660156
SPY,2020-04-02,233.4561767578125
SPY,2020-04-03,230.08172607421875
SPY,2020-04-06,245.53543090820312
SPY,2020-04-07,245.78578186035156
SPY,2020-04-08,254.03634643554688
SPY,2020-04-09,257.90216064453125
SPY,2020-04-13,255.5474853515625
SPY,2020-04-14,263.0843200683594
SPY,2020-04-15,257.4941711425781
SPY,2020-04-16,258.7365417480469
SPY,2020-04-17,265.72637939453125
SPY,2020-04-20,261.0447692871094
SPY,2020-04-21,253.11865234375
SPY,2020-04-22,258.7365417480469
SPY,2020-04-23,258.7179260253906
SPY,2020-04-24,262.3240661621094
SPY,2020-04-27,266.1064453125
SPY,2020-04-28,264.88275146484375
SPY,2020-04-29,271.8169860839844
SPY,2020-04-30,269.2861328125
SPY,2020-05-01,262.15728759765625
SPY,2020-05-04,262.8803405761719
SPY,2020-05-05,265.30914306640625
SPY,2020-05-06,263.5107421875
SPY,2020-05-07,266.6904602050781
SPY,2020-05-08,271.10321044921875
SPY,2020-05-11,271.15875244140625
SPY,2020-05-12,265.754150390625
SPY,2020-05-13,261.05413818359375
SPY,2020-05-14,264.1781921386719
SPY,2020-05-15,265.3926696777344
SPY,2020-05-18,273.4764709472656
SPY,2020-05-19,270.66748046875
SPY,2020-05-20,275.2655944824219
SPY,2020-05-21,273.3651428222656
SPY,2020-05-22,273.88427734375
SPY,2020-05-26,277.2587585449219
SPY,2020-05-27,281.384033203125
SPY,2020-05-28,280.8648376464844
SPY,2020-05-29,282.1163635253906
SPY,2020-06-01,283.2566223144531
SPY,2020-06-02,285.6020202636719
SPY,2020-06-03,289.4029541015625
SPY,2020-06-04,288.64276123046875
SPY,2020-06-05,296.0404968261719
SPY,2020-06-08,299.6188659667969
SPY,2020-06-09,297.38470458984375
SPY,2020-06-10,295.7253723144531
SPY,2020-06-11,278.67706298828125
SPY,2020-06-12,282.0144348144531
SPY,2020-06-15,284.64727783203125
SPY,2020-06-16,290.1260681152344
SPY,2020-06-17,288.9208068847656
SPY,2020-06-18,289.0321350097656
SPY,2020-06-19,287.38031005859375
SPY,2020-06-22,289.2239685058594
SPY,2020-06-23,290.55535888671875
SPY,2020-06-24,283.1436767578125
SPY,2020-06-25,286.17913818359375
SPY,2020-06-26,279.3819580078125
SPY,2020-06-29,283.48822021484375
SPY,2020-06-30,287.1195983886719
SPY,2020-07-01,289.1308288574219
SPY,2020-07-02,290.7230224609375
SPY,2020-07-06,295.21099853515625
SPY,2020-07-07,292.1662902832031
SPY,2020-07-08,294.40087890625
SPY,2020-07-09,292.72491455078125
SPY,2020-07-10,295.7137756347656
SPY,2020-07-13,293.1531677246094
SPY,2020-07-14,296.95220947265625
SPY,2020-07-15,299.6803283691406
SPY,2020-07-16,298.6933898925781
SPY,2020-07-17,299.5592956542969
SPY,2020-07-20,301.9803161621094
SPY,2020-07-21,302.6226806640625
SPY,2020-07-22,304.3453369140625
SPY,2020-07-23,300.71392822265625
SPY,2020-07-24,298.77716064453125
SPY,2020-07-27,300.9559631347656
SPY,2020-07-28,299.0472412109375
SPY,2020-07-29,302.7251281738281
SPY,2020-07-30,301.64501953125
SPY,2020-07-31,304.02862548828125
SPY,2020-08-03,306.14239501953125
SPY,2020-08-04,307.3248596191406
SPY,2020-08-05,309.233642578125
SPY,2020-08-06,311.3006896972656
SPY,2020-08-07,311.52423095703125
SPY,2020-08-10,312.45538330078125
SPY,2020-08-11,309.87603759765625
SPY,2020-08-12,314.1965026855469
SPY,2020-08-13,313.6285400390625
SPY,2020-08-14,313.6378479003906
SPY,2020-08-17,314.6341247558594
SPY,2020-08-18,315.3138427734375
SPY,2020-08-19,314.0009460449219
SPY,2020-08-20,314.9786682128906
SPY,2020-08-21,316.0960998535156
SPY,2020-08-24,319.2990417480469
SPY,2020-08-25,320.4163513183594
SPY,2020-08-26,323.6286926269531
SPY,2020-08-27,324.33636474609375
SPY,2020-08-28,326.4313659667969
SPY,2020-08-31,325.2489013671875
SPY,2020-09-01,328.312255859375
SPY,2020-09-02,333.06097412109375
SPY,2020-09-03,321.5988464355469
SPY,2020-09-04,318.9731750488281
SPY,2020-09-08,310.25787353515625
SPY,2020-09-09,316.3846740722656
SPY,2020-09-10,310.8909912109375
SPY,2020-09-11,311.04931640625
SPY,2020-09-14,315.146240234375
SPY,2020-09-15,316.7384948730469
SPY,2020-09-16,315.4814147949219
SPY,2020-09-17,312.7066650390625
SPY,2020-09-18,309.1065979003906
SPY,2020-09-21,305.6663818359375
SPY,2020-09-22,308.7794494628906
SPY,2020-09-23,301.6184997558594
SPY,2020-09-24,302.4224548339844
SPY,2020-09-25,307.3116760253906
SPY,2020-09-28,312.41607666015625
SPY,2020-09-29,310.7145080566406
SPY,2020-09-30,313.0703430175781
SPY,2020-10-01,315.080322265625
SPY,2020-10-02,312.08880615234375
SPY,2020-10-05,317.6230773925781
SPY,2020-10-06,313.1077880859375
SPY,2020-10-07,318.55792236328125
SPY,2020-10-08,321.3811340332031
SPY,2020-10-09,324.2511291503906
SPY,2020-10-12,329.4675598144531
SPY,2020-10-13,327.3173828125
SPY,2020-10-14,325.2607727050781
SPY,2020-10-15,324.8588562011719
SPY,2020-10-16,324.6625061035156
SPY,2020-10-19,319.7264709472656
SPY,2020-10-20,321.0072326660156
SPY,2020-10-21,320.3995361328125
SPY,2020-10-22,322.1570129394531
SPY,2020-10-23,323.2508544921875
SPY,2020-10-26,317.2771911621094
SPY,2020-10-27,316.1833801269531
SPY,2020-10-28,305.3766174316406
SPY,2020-10-29,308.480224609375
SPY,2020-10-30,305.2643737792969
SPY,2020-11-02,308.68597412109375
SPY,2020-11-03,314.1361389160156
SPY,2020-11-04,321.1567687988281
SPY,2020-11-05,327.420166015625
SPY,2020-11-06,327.345458984375
SPY,2020-11-09,331.45880126953125
SPY,2020-11-10,330.97265625
SPY,2020-11-11,333.4312744140625
SPY,2020-11-12,330.1966857910156
SPY,2020-11-13,334.76812744140625
SPY,2020-11-16,338.9468688964844
SPY,2020-11-17,337.1239318847656
SPY,2020-11-18,333.0667419433594
SPY,2020-11-19,334.4689636230469
SPY,2020-11-20,332.1785888671875
SPY,2020-11-23,334.1697998046875
SPY,2020-11-24,339.5545349121094
SPY,2020-11-25,339.0310363769531
SPY,2020-11-27,339.9751892089844
SPY,2020-11-30,338.47015380859375
SPY,2020-12-01,342.1720886230469
SPY,2020-12-02,342.8919982910156
SPY,2020-12-03,342.79852294921875
SPY,2020-12-04,345.7525329589844
SPY,2020-12-07,345.0420837402344
SPY,2020-12-08,346.0517272949219
SPY,2020-12-09,342.9480285644531
SPY,2020-12-10,342.8359375
SPY,2020-12-11,342.43389892578125
SPY,2020-12-14,340.9007263183594
SPY,2020-12-15,345.50946044921875
SPY,2020-12-16,346.0517272949219
SPY,2020-12-17,347.98681640625
SPY,2020-12-18,346.597412109375
SPY,2020-12-21,345.35809326171875
SPY,2020-12-22,344.7760925292969
SPY,2020-12-23,345.08587646484375
SPY,2020-12-24,346.4283447265625
SPY,2020-12-28,349.4045104980469
SPY,2020-12-29,348.7379150390625
SPY,2020-12-30,349.23553466796875
SPY,2020-12-31,351.0098876953125
SPY,2021-01-04,346.231201171875
SPY,2021-01-05,348.6158142089844
SPY,2021-01-06,350.7000427246094
SPY,2021-01-07,355.9105224609375
SPY,2021-01-08,357.93841552734375
SPY,2021-01-11,355.5256042480469
SPY,2021-01-12,355.6007385253906
SPY,2021-01-13,356.5583801269531
SPY,2021-01-14,355.30975341796875
SPY,2021-01-15,352.7185363769531
SPY,2021-01-19,355.48809814453125
SPY,2021-01-20,360.4076232910156
SPY,2021-01-21,360.7361755371094
SPY,2021-01-22,359.45941162109375
SPY,2021-01-25,360.87701416015625
SPY,2021-01-26,360.313720703125
SPY,2021-01-27,351.5074768066406
SPY,2021-01-28,354.5305480957031
SPY,2021-01-29,347.4328918457031
SPY,2021-02-01,353.2161560058594
SPY,2021-02-02,358.210693359375
SPY,2021-02-03,358.49237060546875
SPY,2021-02-04,362.56683349609375
SPY,2021-02-05,363.9938659667969
SPY,2021-02-08,366.6226501464844
SPY,2021-02-09,366.3785095214844
SPY,2021-02-10,366.2189025878906
SPY,2021-02-11,366.8103942871094
SPY,2021-02-12,368.6222839355469
SPY,2021-02-16,368.3031311035156
SPY,2021-02-17,368.38763427734375
SPY,2021-02-18,366.81976318359375
SPY,2021-02-19,366.17193603515625
SPY,2021-02-22,363.35552978515625
SPY,2021-02-23,363.79669189453125
SPY,2021-02-24,367.8055419921875
SPY,2021-02-25,358.94305419921875
SPY,2021-02-26,357.093505859375
SPY,2021-03-01,365.7495422363281
SPY,2021-03-02,362.8954772949219
SPY,2021-03-03,358.0886535644531
SPY,2021-03-04,353.6574401855469
SPY,2021-03-05,360.16351318359375
SPY,2021-03-08,358.3703308105469
SPY,2021-03-09,363.4869384765625
SPY,2021-03-10,365.7495422363281
SPY,2021-03-11,369.4578857421875
SPY,2021-03-12,369.9554138183594
SPY,2021-03-15,372.1617126464844
SPY,2021-03-16,371.6923828125
SPY,2021-03-17,372.959716796875
SPY,2021-03-18,367.5332946777344
SPY,2021-03-19,366.853271484375
SPY,2021-03-22,369.7825622558594
SPY,2021-03-23,366.87200927734375
SPY,2021-03-24,365.0070495605469
SPY,2021-03-25,367.06048583984375
SPY,2021-03-26,372.9755859375
SPY,2021-03-29,372.7872619628906
SPY,2021-03-30,371.7982482910156
SPY,2021-03-31,373.3052978515625
SPY,2021-04-01,377.336669921875
SPY,2021-04-05,382.7525939941406
SPY,2021-04-06,382.5265197753906
SPY,2021-04-07,382.96923828125
SPY,2021-04-08,384.7871398925781
SPY,2021-04-09,387.5845031738281
SPY,2021-04-12,387.7258605957031
SPY,2021-04-13,388.8749084472656
SPY,2021-04-14,387.5469055175781
SPY,2021-04-15,391.7100830078125
SPY,2021-04-16,393.0194396972656
SPY,2021-04-19,391.0883483886719
SPY,2021-04-20,388.22509765625
SPY,2021-04-21,391.8985900878906
SPY,2021-04-22,388.3192443847656
SPY,2021-04-23,392.5295715332031
SPY,2021-04-26,393.3489685058594
SPY,2021-04-27,393.2642517089844
SPY,2021-04-28,393.1512145996094
SPY,2021-04-29,395.65673828125
SPY,2021-04-30,393.05706787109375
SPY,2021-05-03,393.90478515625
SPY,2021-05-04,391.4746398925781
SPY,2021-05-05,391.5970764160156
SPY,2021-05-06,394.72418212890625
SPY,2021-05-07,397.5970458984375
SPY,2021-05-10,393.6598815917969
SPY,2021-05-11,390.14654541015625
SPY,2021-05-12,381.8577880859375
SPY,2021-05-13,386.4448547363281
SPY,2021-05-14,392.37884521484375
SPY,2021-05-17,391.3804016113281
SPY,2021-05-18,388.0084533691406
SPY,2021-05-19,386.99114990234375
SPY,2021-05-20,391.1543884277344
SPY,2021-05-21,390.834228515625
SPY,2021-05-24,394.81842041015625
SPY,2021-05-25,393.9424133300781
SPY,2021-05-26,394.72418212890625
SPY,2021-05-27,394.9314270019531
SPY,2021-05-28,395.6379089355469
SPY,2021-06-01,395.289306640625
SPY,2021-06-02,395.9110107421875
SPY,2021-06-03,394.4416809082031
SPY,2021-06-04,398.0491638183594
SPY,2021-06-07,397.6629333496094
SPY,2021-06-08,397.74774169921875
SPY,2021-06-09,397.154296875
SPY,2021-06-10,399.00048828125
SPY,2021-06-11,399.6597900390625
SPY,2021-06-14,400.5545959472656
SPY,2021-06-15,399.8198547363281
SPY,2021-06-16,397.5876159667969
SPY,2021-06-17,397.4557189941406
SPY,2021-06-18,392.09393310546875
SPY,2021-06-21,397.7070617675781
SPY,2021-06-22,399.83331298828125
SPY,2021-06-23,399.3514404296875
SPY,2021-06-24,401.71380615234375
SPY,2021-06-25,403.14080810546875
SPY,2021-06-28,403.95343017578125
SPY,2021-06-29,404.17083740234375
SPY,2021-06-30,404.510986328125
SPY,2021-07-01,406.7506408691406
SPY,2021-07-02,409.859619140625
SPY,2021-07-06,409.11309814453125
SPY,2021-07-07,410.5589294433594
SPY,2021-07-08,407.2137451171875
SPY,2021-07-09,411.5605773925781
SPY,2021-07-12,413.0347900390625
SPY,2021-07-13,411.6268005371094
SPY,2021-07-14,412.240966796875
SPY,2021-07-15,410.8330383300781
SPY,2021-07-16,407.61053466796875
SPY,2021-07-19,401.5910339355469
SPY,2021-07-20,407.345947265625
SPY,2021-07-21,410.6440124511719
SPY,2021-07-22,411.5039367675781
SPY,2021-07-23,415.7374572753906
SPY,2021-07-26,416.758056640625
SPY,2021-07-27,414.8586120605469
SPY,2021-07-28,414.6885681152344
SPY,2021-07-29,416.4084777832031
SPY,2021-07-30,414.38604736328125
SPY,2021-08-02,413.5166931152344
SPY,2021-08-03,416.880859375
SPY,2021-08-04,414.8302917480469
SPY,2021-08-05,417.4573669433594
SPY,2021-08-06,418.14715576171875
SPY,2021-08-09,417.80694580078125
SPY,2021-08-10,418.32672119140625
SPY,2021-08-11,419.3661804199219
SPY,2021-08-12,420.6230163574219
SPY,2021-08-13,421.38848876953125
SPY,2021-08-16,422.3807678222656
SPY,2021-08-17,419.61187744140625
SPY,2021-08-18,415.019287109375
SPY,2021-08-19,415.661865234375
SPY,2021-08-20,418.96929931640625
SPY,2021-08-23,422.6548156738281
SPY,2021-08-24,423.32574462890625
SPY,2021-08-25,424.2139587402344
SPY,2021-08-26,421.70977783203125
SPY,2021-08-27,425.4802551269531
SPY,2021-08-30,427.3513488769531
SPY,2021-08-31,426.7181701660156
SPY,2021-09-01,426.9449768066406
SPY,2021-09-02,428.258544921875
SPY,2021-09-03,428.15460205078125
SPY,2021-09-07,426.6237487792969
SPY,2021-09-08,426.1040344238281
SPY,2021-09-09,424.2801513671875
SPY,2021-09-10,420.9348449707031
SPY,2021-09-13,422.0121154785156
SPY,2021-09-14,419.7347717285156
SPY,2021-09-15,423.24066162109375
SPY,2021-09-16,422.5696716308594
SPY,2021-09-17,418.453369140625
SPY,2021-09-20,411.47613525390625
SPY,2021-09-21,411.0873107910156
SPY,2021-09-22,415.09747314453125
SPY,2021-09-23,420.1408996582031
SPY,2021-09-24,420.8329772949219
SPY,2021-09-27,419.62908935546875
SPY,2021-09-28,411.1726989746094
SPY,2021-09-29,411.8647155761719
SPY,2021-09-30,406.83074951171875
SPY,2021-10-01,411.6656799316406
SPY,2021-10-04,406.3568420410156
SPY,2021-10-05,410.5849609375
SPY,2021-10-06,412.2913513183594
SPY,2021-10-07,415.8558654785156
SPY,2021-10-08,415.09747314453125
SPY,2021-10-11,412.0922546386719
SPY,2021-10-12,411.0778503417969
SPY,2021-10-13,412.5567932128906
SPY,2021-10-14,419.4962158203125
SPY,2021-10-15,422.6910400390625
SPY,2021-10-18,423.9424133300781
SPY,2021-10-19,427.21307373046875
SPY,2021-10-20,428.8910827636719
SPY,2021-10-21,430.00970458984375
SPY,2021-10-22,429.56414794921875
SPY,2021-10-25,431.8677978515625
SPY,2021-10-26,432.25653076171875
SPY,2021-10-27,430.3415222167969
SPY,2021-10-28,434.4938659667969
SPY,2021-10-29,435.3754577636719
SPY,2021-11-01,436.12445068359375
SPY,2021-11-02,437.8876953125
SPY,2021-11-03,440.5611267089844
SPY,2021-11-04,442.6372985839844
SPY,2021-11-05,444.1730651855469
SPY,2021-11-08,444.5522766113281
SPY,2021-11-09,443.0828552246094
SPY,2021-11-10,439.518310546875
SPY,2021-11-11,439.6605224609375
SPY,2021-11-12,442.9785461425781
SPY,2021-11-15,443.1302185058594
SPY,2021-11-16,444.88409423828125
SPY,2021-11-17,443.8033142089844
SPY,2021-11-18,445.3106994628906
SPY,2021-11-19,444.5143737792969
SPY,2021-11-22,443.262939453125
SPY,2021-11-23,443.85076904296875
SPY,2021-11-24,445.0357360839844
SPY,2021-11-26,435.1100769042969
SPY,2021-11-29,440.4474182128906
SPY,2021-11-30,431.8772888183594
SPY,2021-12-01,427.0803527832031
SPY,2021-12-02,433.6216125488281
SPY,2021-12-03,429.8485412597656
SPY,2021-12-06,434.93939208984375
SPY,2021-12-07,443.9360656738281
SPY,2021-12-08,445.1116027832031
SPY,2021-12-09,442.1064453125
SPY,2021-12-10,446.2681884765625
SPY,2021-12-13,442.31494140625
SPY,2021-12-14,439.2718200683594
SPY,2021-12-15,446.13543701171875
SPY,2021-12-16,442.2012634277344
SPY,2021-12-17,437.4948425292969
SPY,2021-12-20,432.8428039550781
SPY,2021-12-21,440.5296630859375
SPY,2021-12-22,444.9344787597656
SPY,2021-12-23,447.7028503417969
SPY,2021-12-27,454.0388488769531
SPY,2021-12-28,453.667724609375
SPY,2021-12-29,454.24810791015625
SPY,2021-12-30,452.9922790527344
SPY,2021-12-31,451.8506774902344
SPY,2022-01-03,454.4668273925781
SPY,2022-01-04,454.314697265625
SPY,2022-01-05,445.5908203125
SPY,2022-01-06,445.1722412109375
SPY,2022-01-07,443.4122619628906
SPY,2022-01-10,442.86053466796875
SPY,2022-01-11,446.8941650390625
SPY,2022-01-12,448.1023864746094
SPY,2022-01-13,441.9281311035156
SPY,2022-01-14,442.1089172363281
SPY,2022-01-18,434.27935791015625
SPY,2022-01-19,429.76995849609375
SPY,2022-01-20,425.0133361816406
SPY,2022-01-21,416.6699523925781
SPY,2022-01-24,418.43951416015625
SPY,2022-01-25,413.3307189941406
SPY,2022-01-26,412.29376220703125
SPY,2022-01-27,410.2579040527344
SPY,2022-01-28,420.44677734375
SPY,2022-01-31,428.01959228515625
SPY,2022-02-01,430.9115905761719
SPY,2022-02-02,435.0975646972656
SPY,2022-02-03,424.8705749511719
SPY,2022-02-04,426.8684387207031
SPY,2022-02-07,425.4984130859375
SPY,2022-02-08,428.99945068359375
SPY,2022-02-09,435.2782897949219
SPY,2022-02-10,427.4582214355469
SPY,2022-02-11,419.029296875
SPY,2022-02-14,417.6593017578125
SPY,2022-02-15,424.3948669433594
SPY,2022-02-16,424.8705749511719
SPY,2022-02-17,415.79473876953125
SPY,2022-02-18,413.1024169921875
SPY,2022-02-22,408.6692199707031
SPY,2022-02-23,401.419921875
SPY,2022-02-24,407.46087646484375
SPY,2022-02-25,416.45111083984375
SPY,2022-02-28,415.3856506347656
SPY,2022-03-01,409.0592041015625
SPY,2022-03-02,416.58441162109375
SPY,2022-03-03,414.51043701171875
SPY,2022-03-04,411.1427001953125
SPY,2022-03-07,399.0225524902344
SPY,2022-03-08,395.9971923828125
SPY,2022-03-09,406.6142883300781
SPY,2022-03-10,404.7781982421875
SPY,2022-03-11,399.63140869140625
SPY,2022-03-14,396.7107849121094
SPY,2022-03-15,405.4346008300781
SPY,2022-03-16,414.4248046875
SPY,2022-03-17,419.6096496582031
SPY,2022-03-18,424.20550537109375
SPY,2022-03-21,424.0814514160156
SPY,2022-03-22,429.0437927246094
SPY,2022-03-23,423.5184631347656
SPY,2022-03-24,429.9027099609375
SPY,2022-03-25,432.0021057128906
SPY,2022-03-28,435.0749816894531
SPY,2022-03-29,440.4572448730469
SPY,2022-03-30,437.7375183105469
SPY,2022-03-31,431.00018310546875
SPY,2022-04-01,432.2216491699219
SPY,2022-04-04,435.9243469238281
SPY,2022-04-05,430.4180603027344
SPY,2022-04-06,426.1141357421875
SPY,2022-04-07,428.26129150390625
SPY,2022-04-08,427.11614990234375
SPY,2022-04-11,419.8157653808594
SPY,2022-04-12,418.26025390625
SPY,2022-04-13,423.0508117675781
SPY,2022-04-14,417.7830505371094
SPY,2022-04-18,417.9548645019531
SPY,2022-04-19,424.7017822265625
SPY,2022-04-20,424.3868408203125
SPY,2022-04-21,418.040771484375
SPY,2022-04-22,406.570068359375
SPY,2022-04-25,408.9272155761719
SPY,2022-04-26,397.0843505859375
SPY,2022-04-27,398.2008056640625
SPY,2022-04-28,408.2591857910156
SPY,2022-04-29,393.17169189453125
SPY,2022-05-02,395.5382995605469
SPY,2022-05-03,397.35150146484375
SPY,2022-05-04,409.4520263671875
SPY,2022-05-05,394.89892578125
SPY,2022-05-06,392.5418701171875
SPY,2022-05-09,379.97369384765625
SPY,2022-05-10,380.8516845703125
SPY,2022-05-11,374.8014221191406
SPY,2022-05-12,374.4101257324219
SPY,2022-05-13,383.3614501953125
SPY,2022-05-16,381.8059387207031
SPY,2022-05-17,389.65985107421875
SPY,2022-05-18,373.95208740234375
SPY,2022-05-19,371.6617736816406
SPY,2022-05-20,371.8240661621094
SPY,2022-05-23,378.7808837890625
SPY,2022-05-24,375.8893737792969
SPY,2022-05-25,379.21026611328125
SPY,2022-05-26,386.78741455078125
SPY,2022-05-27,396.2826843261719
SPY,2022-05-31,394.0592041015625
SPY,2022-06-01,390.8717956542969
SPY,2022-06-02,398.3153381347656
SPY,2022-06-03,391.77838134765625
SPY,2022-06-06,392.9713439941406
SPY,2022-06-07,396.7407531738281
SPY,2022-06-08,392.4273376464844
SPY,2022-06-09,383.09429931640625
SPY,2022-06-10,371.9861755371094
SPY,2022-06-13,357.86260986328125
SPY,2022-06-14,356.7842102050781
SPY,2022-06-15,361.8706359863281
SPY,2022-06-16,349.8941955566406
SPY,2022-06-17,350.6484069824219
SPY,2022-06-21,359.47552490234375
SPY,2022-06-22,358.82379150390625
SPY,2022-06-23,362.3412170410156
SPY,2022-06-24,373.8614501953125
SPY,2022-06-27,372.4333801269531
SPY,2022-06-28,364.82354736328125
SPY,2022-06-29,364.52642822265625
SPY,2022-06-30,361.5649108886719
SPY,2022-07-01,365.3889465332031
SPY,2022-07-05,366.0790100097656
SPY,2022-07-06,367.3154602050781
SPY,2022-07-07,372.8167724609375
SPY,2022-07-08,372.51007080078125
SPY,2022-07-11,368.2547302246094
SPY,2022-07-12,364.9960021972656
SPY,2022-07-13,363.0792236328125
SPY,2022-07-14,362.1974792480469
SPY,2022-07-15,369.1172180175781
SPY,2022-07-18,366.0694885253906
SPY,2022-07-19,375.9604187011719
SPY,2022-07-20,378.3564453125
SPY,2022-07-21,382.2092590332031
SPY,2022-07-22,378.66314697265625
SPY,2022-07-25,379.1231994628906
SPY,2022-07-26,374.6377868652344
SPY,2022-07-27,384.3657531738281
SPY,2022-07-28,389.1866149902344
SPY,2022-07-29,394.8604736328125
SPY,2022-08-01,393.69122314453125
SPY,2022-08-02,391.0938720703125
SPY,2022-08-03,397.2182312011719
SPY,2022-08-04,396.9498596191406
SPY,2022-08-05,396.2789611816406
SPY,2022-08-08,395.8189392089844
SPY,2022-08-09,394.2471923828125
SPY,2022-08-10,402.52783203125
SPY,2022-08-11,402.52783203125
SPY,2022-08-12,409.34228515625
SPY,2022-08-15,411.029052734375
SPY,2022-08-16,411.83416748046875
SPY,2022-08-17,408.91094970703125
SPY,2022-08-18,410.0994567871094
SPY,2022-08-19,404.5884704589844
SPY,2022-08-22,396.1639404296875
SPY,2022-08-23,395.2054748535156
SPY,2022-08-24,396.4706726074219
SPY,2022-08-25,402.06787109375
SPY,2022-08-26,388.4582214355469
SPY,2022-08-29,385.8896789550781
SPY,2022-08-30,381.65338134765625
SPY,2022-08-31,378.7493896484375
SPY,2022-09-01,379.9378662109375
SPY,2022-09-02,375.931640625
SPY,2022-09-06,374.51312255859375
SPY,2022-09-07,381.24127197265625
SPY,2022-09-08,383.7332763671875
SPY,2022-09-09,389.6945495605469
SPY,2022-09-12,393.8829040527344
SPY,2022-09-13,376.755859375
SPY,2022-09-14,378.19354248046875
SPY,2022-09-15,373.8997802734375
SPY,2022-09-16,371.0473327636719
SPY,2022-09-19,373.9247741699219
SPY,2022-09-20,369.6327209472656
SPY,2022-09-21,363.1849060058594
SPY,2022-09-22,360.1342468261719
SPY,2022-09-23,354.1002197265625
SPY,2022-09-26,350.5971984863281
SPY,2022-09-27,349.7022399902344
SPY,2022-09-28,356.5830078125
SPY,2022-09-29,349.1344299316406
SPY,2022-09-30,343.735595703125
SPY,2022-10-03,352.8106384277344
SPY,2022-10-04,363.7430725097656
SPY,2022-10-05,362.89617919921875
SPY,2022-10-06,359.1526184082031
SPY,2022-10-07,349.1344299316406
SPY,2022-10-10,346.4686279296875
SPY,2022-10-11,344.2744445800781
SPY,2022-10-12,343.138916015625
SPY,2022-10-13,352.1947021484375
SPY,2022-10-14,344.16864013671875
SPY,2022-10-17,353.0127258300781
SPY,2022-10-18,357.1604919433594
SPY,2022-10-19,354.6295166015625
SPY,2022-10-20,351.6558532714844
SPY,2022-10-21,360.20159912109375
SPY,2022-10-24,364.6092224121094
SPY,2022-10-25,370.431396484375
SPY,2022-10-26,367.6405334472656
SPY,2022-10-27,365.67742919921875
SPY,2022-10-28,374.3771057128906
SPY,2022-10-31,371.6728515625
SPY,2022-11-01,370.0464782714844
SPY,2022-11-02,360.759765625
SPY,2022-11-03,357.0450439453125
SPY,2022-11-04,362.1839904785156
SPY,2022-11-07,365.6485290527344
SPY,2022-11-08,367.621337890625
SPY,2022-11-09,360.04754638671875
SPY,2022-11-10,379.83367919921875
SPY,2022-11-11,383.5099182128906
SPY,2022-11-14,380.2475280761719
SPY,2022-11-15,383.49066162109375
SPY,2022-11-16,380.5650634765625
SPY,2022-11-17,379.400634765625
SPY,2022-11-18,381.1231994628906
SPY,2022-11-21,379.7374267578125
SPY,2022-11-22,384.84759521484375
SPY,2022-11-23,387.2727355957031
SPY,2022-11-25,387.18609619140625
SPY,2022-11-28,381.0078125
SPY,2022-11-29,380.3533630371094
SPY,2022-11-30,392.3346862792969
SPY,2022-12-01,392.0460510253906
SPY,2022-12-02,391.59368896484375
SPY,2022-12-05,384.5492248535156
SPY,2022-12-06,379.0060729980469
SPY,2022-12-07,378.36126708984375
SPY,2022-12-08,381.3254089355469
SPY,2022-12-09,378.47674560546875
SPY,2022-12-12,383.9333190917969
SPY,2022-12-13,386.8396301269531
SPY,2022-12-14,384.36639404296875
SPY,2022-12-15,374.9641418457031
SPY,2022-12-16,370.5372619628906
SPY,2022-12-19,367.395263671875
SPY,2022-12-20,367.89801025390625
SPY,2022-12-21,373.39892578125
SPY,2022-12-22,368.0719909667969
SPY,2022-12-23,370.18927001953125
SPY,2022-12-27,368.7293395996094
SPY,2022-12-28,364.1468505859375
SPY,2022-12-29,370.70159912109375
SPY,2022-12-30,369.7251281738281
SPY,2023-01-03,368.1686706542969
SPY,2023-01-04,371.0110168457031
SPY,2023-01-05,366.7765197753906
SPY,2023-01-06,375.1874694824219
SPY,2023-01-09,374.97479248046875
SPY,2023-01-10,377.6044616699219
SPY,2023-01-11,382.3802795410156
SPY,2023-01-12,383.7725524902344
SPY,2023-01-13,385.2612609863281
SPY,2023-01-17,384.55548095703125
SPY,2023-01-18,378.4841613769531
SPY,2023-01-19,375.7289123535156
SPY,2023-01-20,382.7283630371094
SPY,2023-01-23,387.320556640625
SPY,2023-01-24,386.9048156738281
SPY,2023-01-25,387.0498352050781
SPY,2023-01-26,391.3037109375
SPY,2023-01-27,392.2027893066406
SPY,2023-01-30,387.2818908691406
SPY,2023-01-31,392.9761962890625
SPY,2023-02-01,397.1527099609375
SPY,2023-02-02,402.9339904785156
SPY,2023-02-03,398.6512145996094
SPY,2023-02-06,396.21484375
SPY,2023-02-07,401.3968505859375
SPY,2023-02-08,397.00762939453125
SPY,2023-02-09,393.5659484863281
SPY,2023-02-10,394.484375
SPY,2023-02-13,399.115234375
SPY,2023-02-14,398.93157958984375
SPY,2023-02-15,400.2270202636719
SPY,2023-02-16,394.7164001464844
SPY,2023-02-17,393.7302551269531
SPY,2023-02-21,385.8316955566406
SPY,2023-02-22,385.29998779296875
SPY,2023-02-23,387.3495178222656
SPY,2023-02-24,383.2117614746094
SPY,2023-02-27,384.5169372558594
SPY,2023-02-28,383.09576416015625
SPY,2023-03-01,381.626220703125
SPY,2023-03-02,384.5942077636719
SPY,2023-03-03,390.7622985839844
SPY,2023-03-06,391.03302001953125
SPY,2023-03-07,385.0389099121094
SPY,2023-03-08,385.6673583984375
SPY,2023-03-09,378.5518798828125
SPY,2023-03-10,373.0895690917969
SPY,2023-03-13,372.5578308105469
SPY,2023-03-14,378.71624755859375
SPY,2023-03-15,376.34765625
SPY,2023-03-16,382.95068359375
SPY,2023-03-17,378.47296142578125
SPY,2023-03-20,382.1122131347656
SPY,2023-03-21,387.1295166015625
SPY,2023-03-22,380.53033447265625
SPY,2023-03-23,381.5591125488281
SPY,2023-03-24,384.0628967285156
SPY,2023-03-27,384.7810363769531
SPY,2023-03-28,383.9173278808594
SPY,2023-03-29,389.49749755859375
SPY,2023-03-30,391.7781066894531
SPY,2023-03-31,397.3000793457031
SPY,2023-04-03,398.81402587890625
SPY,2023-04-04,396.6013488769531
SPY,2023-04-05,395.5629577636719
SPY,2023-04-06,397.1059875488281
SPY,2023-04-10,397.5135803222656
SPY,2023-04-11,397.6203308105469
SPY,2023-04-12,395.9996337890625
SPY,2023-04-13,401.2596130371094
SPY,2023-04-14,400.2794189453125
SPY,2023-04-17,401.7156982421875
SPY,2023-04-18,401.97772216796875
SPY,2023-04-19,401.9098205566406
SPY,2023-04-20,399.7165222167969
SPY,2023-04-21,400.027099609375
SPY,2023-04-24,400.44439697265625
SPY,2023-04-25,394.0877990722656
SPY,2023-04-26,392.4186706542969
SPY,2023-04-27,400.2308654785156
SPY,2023-04-28,403.6469421386719
SPY,2023-05-01,403.2393493652344
SPY,2023-05-02,398.707275390625
SPY,2023-05-03,395.97052001953125
SPY,2023-05-04,393.1658935546875
SPY,2023-05-05,400.44439697265625
SPY,2023-05-08,400.5511779785156
SPY,2023-05-09,398.79461669921875
SPY,2023-05-10,400.6578674316406
SPY,2023-05-11,399.95916748046875
SPY,2023-05-12,399.43511962890625
SPY,2023-05-15,400.8131408691406
SPY,2023-05-16,398.1346740722656
SPY,2023-05-17,402.96759033203125
SPY,2023-05-18,406.8494873046875
SPY,2023-05-19,406.25750732421875
SPY,2023-05-22,406.4224548339844
SPY,2023-05-23,401.86126708984375
SPY,2023-05-24,398.9498596191406
SPY,2023-05-25,402.40472412109375
SPY,2023-05-26,407.6162109375
SPY,2023-05-30,407.77142333984375
SPY,2023-05-31,405.51025390625
SPY,2023-06-01,409.363037109375
SPY,2023-06-02,415.2828674316406
SPY,2023-06-05,414.48712158203125
SPY,2023-06-06,415.3895568847656
SPY,2023-06-07,413.95330810546875
SPY,2023-06-08,416.4571838378906
SPY,2023-06-09,417.2043762207031
SPY,2023-06-12,420.9891662597656
SPY,2023-06-13,423.7647399902344
SPY,2023-06-14,424.2693786621094
SPY,2023-06-15,429.5293273925781
SPY,2023-06-16,428.0662841796875
SPY,2023-06-20,425.8453674316406
SPY,2023-06-21,423.6634826660156
SPY,2023-06-22,425.19281005859375
SPY,2023-06-23,421.978271484375
SPY,2023-06-26,420.254150390625
SPY,2023-06-27,424.861572265625
SPY,2023-06-28,425.07586669921875
SPY,2023-06-29,426.75128173828125
SPY,2023-06-30,431.7872314453125
SPY,2023-07-03,432.2840270996094
SPY,2023-07-05,431.64111328125
SPY,2023-07-06,428.2610778808594
SPY,2023-07-07,427.1798095703125
SPY,2023-07-10,428.2610778808594
SPY,2023-07-11,430.9884948730469
SPY,2023-07-12,434.4561767578125
SPY,2023-07-13,437.9043884277344
SPY,2023-07-14,437.6316833496094
SPY,2023-07-17,439.1512451171875
SPY,2023-07-18,442.41436767578125
SPY,2023-07-19,443.3981628417969
SPY,2023-07-20,440.4564514160156
SPY,2023-07-21,440.4564514160156
SPY,2023-07-24,442.42413330078125
SPY,2023-07-25,443.6319580078125
SPY,2023-07-26,443.70013427734375
SPY,2023-07-27,440.7584228515625
SPY,2023-07-28,445.07354736328125
SPY,2023-07-31,445.92108154296875
SPY,2023-08-01,444.6449890136719
SPY,2023-08-02,438.4596252441406
SPY,2023-08-03,437.2030334472656
SPY,2023-08-04,435.2257080078125
SPY,2023-08-07,439.0245666503906
SPY,2023-08-08,437.1153869628906
SPY,2023-08-09,434.1932067871094
SPY,2023-08-10,434.3490295410156
SPY,2023-08-11,434.0957946777344
SPY,2023-08-14,436.49200439453125
SPY,2023-08-15,431.4073486328125
SPY,2023-08-16,428.2416076660156
SPY,2023-08-17,424.978515625
SPY,2023-08-18,425.1830139160156
SPY,2023-08-21,427.9493408203125
SPY,2023-08-22,426.79022216796875
SPY,2023-08-23,431.543701171875
SPY,2023-08-24,425.56292724609375
SPY,2023-08-25,428.5630187988281
SPY,2023-08-28,431.2807312011719
SPY,2023-08-29,437.5148010253906
SPY,2023-08-30,439.3168029785156
SPY,2023-08-31,438.6739501953125
SPY,2023-09-01,439.4921569824219
SPY,2023-09-05,437.5926818847656
SPY,2023-09-06,434.6510009765625
SPY,2023-09-07,433.3164978027344
SPY,2023-09-08,433.9691162109375
SPY,2023-09-11,436.8232116699219
SPY,2023-09-12,434.42694091796875
SPY,2023-09-13,434.9334716796875
SPY,2023-09-14,438.6836853027344
SPY,2023-09-15,433.3982849121094
SPY,2023-09-18,433.6524353027344
SPY,2023-09-19,432.75311279296875
SPY,2023-09-20,428.774658203125
SPY,2023-09-21,421.68768310546875
SPY,2023-09-22,420.7394714355469
SPY,2023-09-25,422.5087890625
SPY,2023-09-26,416.3016357421875
SPY,2023-09-27,416.4677734375
SPY,2023-09-28,418.88226318359375
SPY,2023-09-29,417.86566162109375
SPY,2023-10-02,417.6994934082031
SPY,2023-10-03,412.1081237792969
SPY,2023-10-04,415.1090393066406
SPY,2023-10-05,414.95263671875
SPY,2023-10-06,419.8793640136719
SPY,2023-10-09,422.5674743652344
SPY,2023-10-10,424.7668762207031
SPY,2023-10-11,426.5068359375
SPY,2023-10-12,423.90667724609375
SPY,2023-10-13,421.79522705078125
SPY,2023-10-16,426.233154296875
SPY,2023-10-17,426.21356201171875
SPY,2023-10-18,420.53424072265625
SPY,2023-10-19,416.8392639160156
SPY,2023-10-20,411.7171630859375
SPY,2023-10-23,411.0035400390625
SPY,2023-10-24,414.10223388671875
SPY,2023-10-25,408.1589660644531
SPY,2023-10-26,403.271484375
SPY,2023-10-27,401.4434814453125
SPY,2023-10-30,406.2430419921875
SPY,2023-10-31,408.79437255859375
SPY,2023-11-01,413.154052734375
SPY,2023-11-02,421.0718688964844
SPY,2023-11-03,424.91351318359375
SPY,2023-11-06,425.8910217285156
SPY,2023-11-07,427.1031188964844
SPY,2023-11-08,427.4159240722656
SPY,2023-11-09,424.0825500488281
SPY,2023-11-10,430.7003173828125
SPY,2023-11-13,430.28973388671875
SPY,2023-11-14,438.6376953125
SPY,2023-11-15,439.56634521484375
SPY,2023-11-16,440.10400390625
SPY,2023-11-17,440.6513977050781
SPY,2023-11-20,444.04339599609375
SPY,2023-11-21,443.0755920410156
SPY,2023-11-22,444.7862243652344
SPY,2023-11-24,445.0599365234375
SPY,2023-11-27,444.2584228515625
SPY,2023-11-28,444.6982421875
SPY,2023-11-29,444.3854675292969
SPY,2023-11-30,446.1352233886719
SPY,2023-12-01,448.77447509765625
SPY,2023-12-04,446.418701171875
SPY,2023-12-05,446.3307189941406
SPY,2023-12-06,444.5320739746094
SPY,2023-12-07,447.924072265625
SPY,2023-12-08,449.84979248046875
SPY,2023-12-11,451.5995178222656
SPY,2023-12-12,453.6619873046875
SPY,2023-12-13,459.9181213378906
SPY,2023-12-14,461.3941345214844
SPY,2023-12-15,460.6344299316406
SPY,2023-12-18,463.2255554199219
SPY,2023-12-19,466.0423583984375
SPY,2023-12-20,459.5843200683594
SPY,2023-12-21,463.9420166015625
SPY,2023-12-22,464.8744201660156
SPY,2023-12-26,466.8373718261719
SPY,2023-12-27,467.6814270019531
SPY,2023-12-28,467.8580627441406
SPY,2023-12-29,466.5036315917969
SPY,2024-01-02,463.8929443359375
SPY,2024-01-03,460.1044921875
SPY,2024-01-04,458.6224365234375
SPY,2024-01-05,459.2505798339844
SPY,2024-01-08,465.80682373046875
SPY,2024-01-09,465.10015869140625
SPY,2024-01-10,467.73046875
SPY,2024-01-11,467.5244140625
SPY,2024-01-12,467.8482360839844
SPY,2024-01-16,466.1307067871094
SPY,2024-01-17,463.5396423339844
SPY,2024-01-18,467.6617736816406
SPY,2024-01-19,473.49169921875
SPY,2024-01-22,474.49285888671875
SPY,2024-01-23,475.876708984375
SPY,2024-01-24,476.39691162109375
SPY,2024-01-25,478.9880065917969
SPY,2024-01-26,478.3795166015625
SPY,2024-01-29,482.16796875
SPY,2024-01-30,481.7950439453125
SPY,2024-01-31,473.9334411621094
SPY,2024-02-01,480.1363525390625
SPY,2024-02-02,485.19091796875
SPY,2024-02-05,483.4242248535156
SPY,2024-02-06,484.8277893066406
SPY,2024-02-07,488.8714294433594
SPY,2024-02-08,489.0873718261719
SPY,2024-02-09,491.9139404296875
SPY,2024-02-12,491.6980895996094
SPY,2024-02-13,484.9258728027344
SPY,2024-02-14,489.3327331542969
SPY,2024-02-15,492.708984375
SPY,2024-02-16,490.25531005859375
SPY,2024-02-20,487.5562744140625
SPY,2024-02-21,487.9979553222656
SPY,2024-02-22,498.0972900390625
SPY,2024-02-23,498.4407958984375
SPY,2024-02-26,496.6152648925781
SPY,2024-02-27,497.53778076171875
SPY,2024-02-28,496.8802490234375
SPY,2024-02-29,498.66650390625
SPY,2024-03-01,503.34808349609375
SPY,2024-03-04,502.8083190917969
SPY,2024-03-05,497.783203125
SPY,2024-03-06,500.3055725097656
SPY,2024-03-07,505.2718200683594
SPY,2024-03-08,502.2391052246094
SPY,2024-03-11,501.8072204589844
SPY,2024-03-12,507.2053527832031
SPY,2024-03-13,506.41033935546875
SPY,2024-03-14,505.40924072265625
SPY,2024-03-15,501.93878173828125
SPY,2024-03-18,504.9218444824219
SPY,2024-03-19,507.7278747558594
SPY,2024-03-20,512.4239501953125
SPY,2024-03-21,514.1173706054688
SPY,2024-03-22,513.1426391601562
SPY,2024-03-25,511.7249450683594
SPY,2024-03-26,510.77978515625
SPY,2024-03-27,515.0723266601562
SPY,2024-03-28,514.9738159179688
SPY,2024-04-01,514.0779418945312
SPY,2024-04-02,510.8094177246094
SPY,2024-04-03,511.3704528808594
SPY,2024-04-04,505.1286315917969
SPY,2024-04-05,510.4057312011719
SPY,2024-04-08,510.6911315917969
SPY,2024-04-09,511.28192138671875
SPY,2024-04-10,506.16241455078125
SPY,2024-04-11,509.9822998046875
SPY,2024-04-12,502.94305419921875
SPY,2024-04-15,496.64208984375
SPY,2024-04-16,495.7362976074219
SPY,2024-04-17,492.80242919921875
SPY,2024-04-18,491.78839111328125
SPY,2024-04-19,487.49591064453125
SPY,2024-04-22,491.98529052734375
SPY,2024-04-23,497.823486328125
SPY,2024-04-24,497.58721923828125
SPY,2024-04-25,495.6969299316406
SPY,2024-04-26,500.39312744140625
SPY,2024-04-29,502.1652526855469
SPY,2024-04-30,494.2103271484375
SPY,2024-05-01,492.6055603027344
SPY,2024-05-02,497.2131042480469
SPY,2024-05-03,503.376220703125
SPY,2024-05-06,508.574462890625
SPY,2024-05-07,509.1356201171875
SPY,2024-05-08,509.1849365234375
SPY,2024-05-09,512.1187744140625
SPY,2024-05-10,512.7784423828125
SPY,2024-05-13,512.8472290039062
SPY,2024-05-14,515.2003173828125
SPY,2024-05-15,521.5799560546875
SPY,2024-05-16,520.5069580078125
SPY,2024-05-17,521.2551879882812
SPY,2024-05-20,521.8557739257812
SPY,2024-05-21,523.1355590820312
SPY,2024-05-22,521.6292724609375
SPY,2024-05-23,517.8191528320312
SPY,2024-05-24,521.2453002929688
SPY,2024-05-28,521.6095581054688
SPY,2024-05-29,517.9569091796875
SPY,2024-05-30,514.52099609375
SPY,2024-05-31,519.2073974609375
SPY,2024-06-03,519.630615234375
SPY,2024-06-04,520.2115478515625
SPY,2024-06-05,526.394287109375
SPY,2024-06-06,526.3844604492188
SPY,2024-06-07,525.7445068359375
SPY,2024-06-10,527.3689575195312
SPY,2024-06-11,528.6390380859375
SPY,2024-06-12,532.9807739257812
SPY,2024-06-13,534.053955078125
SPY,2024-06-14,534.37890625
SPY,2024-06-17,538.6318969726562
SPY,2024-06-18,540.0004272460938
SPY,2024-06-20,538.5335083007812
SPY,2024-06-21,537.8115844726562
SPY,2024-06-24,536.0632934570312
SPY,2024-06-25,538.1275634765625
SPY,2024-06-26,538.7991943359375
SPY,2024-06-27,539.6486206054688
SPY,2024-06-28,537.5250244140625
SPY,2024-07-01,538.6312866210938
SPY,2024-07-02,542.256103515625
SPY,2024-07-03,544.676025390625
SPY,2024-07-05,547.8169555664062
SPY,2024-07-08,548.448974609375
SPY,2024-07-09,548.9823608398438
SPY,2024-07-10,554.4146118164062
SPY,2024-07-11,549.6342163085938
SPY,2024-07-12,553.1010131835938
SPY,2024-07-15,554.6221313476562
SPY,2024-07-16,557.9111938476562
SPY,2024-07-17,550.0885620117188
SPY,2024-07-18,545.8612060546875
SPY,2024-07-19,542.236328125
SPY,2024-07-22,547.8267211914062
SPY,2024-07-23,546.967529296875
SPY,2024-07-24,534.57177734375
SPY,2024-07-25,531.7864990234375
SPY,2024-07-26,537.7423095703125
SPY,2024-07-29,538.0584106445312
SPY,2024-07-30,535.3323364257812
SPY,2024-07-31,544.033935546875
SPY,2024-08-01,536.3299560546875
SPY,2024-08-02,526.3443603515625
SPY,2024-08-05,511.0152893066406
SPY,2024-08-06,515.7266235351562
SPY,2024-08-07,512.2794799804688
SPY,2024-08-08,524.1220703125
SPY,2024-08-09,526.4332275390625
SPY,2024-08-12,526.7097778320312
SPY,2024-08-13,535.371826171875
SPY,2024-08-14,537.060791015625
SPY,2024-08-15,546.2662353515625
SPY,2024-08-16,547.490966796875
SPY,2024-08-19,552.7257080078125
SPY,2024-08-20,551.826904296875
SPY,2024-08-21,553.7233276367188
SPY,2024-08-22,549.3773803710938
SPY,2024-08-23,555.2147216796875
SPY,2024-08-26,553.8912963867188
SPY,2024-08-27,554.6517333984375
SPY,2024-08-28,551.4318237304688
SPY,2024-08-29,551.481201171875
SPY,2024-08-30,556.7456665039062
SPY,2024-09-03,545.2884521484375
SPY,2024-09-04,544.1723022460938
SPY,2024-09-05,542.8487548828125
SPY,2024-09-06,533.7125244140625
SPY,2024-09-09,539.6880493164062
SPY,2024-09-10,542.0387573242188
SPY,2024-09-11,547.599609375
SPY,2024-09-12,552.212158203125
SPY,2024-09-13,555.0962524414062
SPY,2024-09-16,555.916015625
SPY,2024-09-17,556.1431274414062
SPY,2024-09-18,554.4937133789062
SPY,2024-09-19,563.9558715820312
SPY,2024-09-20,562.9810180664062
SPY,2024-09-23,564.3877563476562
SPY,2024-09-24,566.002685546875
SPY,2024-09-25,564.75439453125
SPY,2024-09-26,566.993408203125
SPY,2024-09-27,566.1710815429688
SPY,2024-09-30,568.4398803710938
SPY,2024-10-01,563.3475952148438
SPY,2024-10-02,563.5852661132812
SPY,2024-10-03,562.554931640625
SPY,2024-10-04,567.6671752929688
SPY,2024-10-07,562.5350952148438
SPY,2024-10-08,567.8553466796875
SPY,2024-10-09,571.78857421875
SPY,2024-10-10,570.7879028320312
SPY,2024-10-11,574.2059326171875
SPY,2024-10-14,578.9019165039062
SPY,2024-10-15,574.404052734375
SPY,2024-10-16,576.9006958007812
SPY,2024-10-17,576.9501953125
SPY,2024-10-18,579.1694946289062
SPY,2024-10-21,578.2183837890625
SPY,2024-10-22,577.9111938476562
SPY,2024-10-23,572.630615234375
SPY,2024-10-24,573.8690795898438
SPY,2024-10-25,573.6709594726562
SPY,2024-10-28,575.4443359375
SPY,2024-10-29,576.3756713867188
SPY,2024-10-30,574.6318969726562
SPY,2024-10-31,563.3673706054688
SPY,2024-11-01,565.7451171875
SPY,2024-11-04,564.5264892578125
SPY,2024-11-05,571.3526611328125
SPY,2024-11-06,585.5596313476562
SPY,2024-11-07,590.0873413085938
SPY,2024-11-08,592.6433715820312
SPY,2024-11-11,593.2081298828125
SPY,2024-11-12,591.3653564453125
SPY,2024-11-13,591.6526489257812
SPY,2024-11-14,587.8482055664062
SPY,2024-11-15,580.3187255859375
SPY,2024-11-18,582.6964721679688
SPY,2024-11-19,584.8264770507812
SPY,2024-11-20,585.0247192382812
SPY,2024-11-21,588.165283203125
SPY,2024-11-22,589.9881591796875
SPY,2024-11-25,591.989501953125
SPY,2024-11-26,595.08056640625
SPY,2024-11-27,593.2774047851562
SPY,2024-11-29,596.962890625
SPY,2024-12-02,598.0328979492188
SPY,2024-12-03,598.310302734375
SPY,2024-12-04,602.0254516601562
SPY,2024-12-05,601.0347900390625
SPY,2024-12-06,602.1741333007812
SPY,2024-12-09,599.0731811523438
SPY,2024-12-10,597.2106323242188
SPY,2024-12-11,601.827392578125
SPY,2024-12-12,598.7264404296875
SPY,2024-12-13,598.6075439453125
SPY,2024-12-16,601.16357421875
SPY,2024-12-17,598.686767578125
SPY,2024-12-18,580.8438110351562
SPY,2024-12-19,580.6654663085938
SPY,2024-12-20,587.6398315429688
SPY,2024-12-23,591.1588134765625
SPY,2024-12-24,597.7295532226562
SPY,2024-12-26,597.7693481445312
SPY,2024-12-27,591.4768676757812
SPY,2024-12-30,584.7271728515625
SPY,2024-12-31,582.5999145507812
SPY,2025-01-02,581.1685180664062
SPY,2025-01-03,588.43505859375
SPY,2025-01-06,591.8248291015625
SPY,2025-01-07,585.1348266601562
SPY,2025-01-08,585.9896240234375
SPY,2025-01-10,577.0430297851562
SPY,2025-01-13,577.937744140625
SPY,2025-01-14,578.7330322265625
SPY,2025-01-15,589.2601928710938
SPY,2025-01-16,588.126953125
SPY,2025-01-17,594.0316772460938
SPY,2025-01-21,599.4691162109375
SPY,2025-01-22,602.8389892578125
SPY,2025-01-23,606.12939453125
SPY,2025-01-24,604.35986328125
SPY,2025-01-27,595.8109741210938
SPY,2025-01-28,600.930419921875
SPY,2025-01-29,598.2365112304688
SPY,2025-01-30,601.447265625
SPY,2025-01-31,598.2463989257812
SPY,2025-02-03,594.220458984375
SPY,2025-02-04,598.2066650390625
SPY,2025-02-05,600.6321411132812
SPY,2025-02-06,602.7197265625
SPY,2025-02-07,597.2026977539062
SPY,2025-02-10,601.2584228515625
SPY,2025-02-11,601.7156982421875
SPY,2025-02-12,599.7772827148438
SPY,2025-02-13,606.1094970703125
SPY,2025-02-14,606.0796508789062
SPY,2025-02-18,607.8590087890625
SPY,2025-02-19,609.2904663085938
SPY,2025-02-20,606.755615234375
SPY,2025-02-21,596.3776245117188
SPY,2025-02-24,593.663818359375
SPY,2025-02-25,590.71142578125
SPY,2025-02-26,591.0096435546875
SPY,2025-02-27,581.5759887695312
SPY,2025-02-28,590.6517944335938
SPY,2025-03-03,580.3036499023438
SPY,2025-03-04,573.4346313476562
SPY,2025-03-05,579.5978393554688
SPY,2025-03-06,569.309326171875
SPY,2025-03-07,572.500244140625
SPY,2025-03-10,557.2513427734375
SPY,2025-03-11,552.6189575195312
SPY,2025-03-12,555.5514526367188
SPY,2025-03-13,548.1456909179688
SPY,2025-03-14,559.4680786132812
SPY,2025-03-17,563.7823486328125
SPY,2025-03-18,557.688720703125
SPY,2025-03-19,563.762451171875
SPY,2025-03-20,562.1322021484375
SPY,2025-03-21,562.317626953125
SPY,2025-03-24,572.3878784179688
SPY,2025-03-25,573.7637939453125
SPY,2025-03-26,566.9140625
SPY,2025-03-27,565.4085083007812
SPY,2025-03-28,554.0221557617188
SPY,2025-03-31,557.7411499023438
SPY,2025-04-01,559.3164672851562
SPY,2025-04-02,562.8560791015625
SPY,2025-04-03,535.1180419921875
SPY,2025-04-04,503.7906494140625
SPY,2025-04-07,502.893310546875
SPY,2025-04-08,495.0166015625
SPY,2025-04-09,547.0029296875
SPY,2025-04-10,523.0337524414062
SPY,2025-04-11,532.3661499023438
SPY,2025-04-14,537.5308837890625
SPY,2025-04-15,536.0253295898438
SPY,2025-04-16,524.1105346679688
SPY,2025-04-17,524.8583374023438
SPY,2025-04-21,512.3652954101562
SPY,2025-04-22,525.6959228515625
SPY,2025-04-23,533.841796875
SPY,2025-04-24,545.07861328125
SPY,2025-04-25,549.0169677734375
SPY,2025-04-28,549.226318359375
SPY,2025-04-29,552.6860961914062
SPY,2025-04-30,552.9054565429688
SPY,2025-05-01,556.8238525390625
SPY,2025-05-02,565.0894165039062
SPY,2025-05-05,561.8489990234375
SPY,2025-05-06,557.1528930664062
SPY,2025-05-07,559.4959716796875
SPY,2025-05-08,563.3944702148438
SPY,2025-05-09,562.6765747070312
SPY,2025-05-12,581.2716064453125
SPY,2025-05-13,585.1102905273438
SPY,2025-05-14,585.8580932617188
SPY,2025-05-15,588.7196044921875
SPY,2025-05-16,592.4485473632812
SPY,2025-05-19,593.0966186523438
SPY,2025-05-20,591.1025390625
SPY,2025-05-21,581.1419677734375
SPY,2025-05-22,581.371337890625
SPY,2025-05-23,577.4030151367188
SPY,2025-05-27,589.4075927734375
SPY,2025-05-28,585.9976196289062
SPY,2025-05-29,588.310791015625
SPY,2025-05-30,587.6527709960938
SPY,2025-06-02,590.9629516601562
SPY,2025-06-03,594.3330078125
SPY,2025-06-04,594.1734619140625
SPY,2025-06-05,591.3019409179688
SPY,2025-06-06,597.3740234375
SPY,2025-06-09,597.9124145507812
SPY,2025-06-10,601.3023681640625
SPY,2025-06-11,599.5874633789062
SPY,2025-06-12,601.9703979492188
SPY,2025-06-13,595.2402954101562
SPY,2025-06-16,600.903564453125
SPY,2025-06-17,595.768798828125
SPY,2025-06-18,595.6790161132812
SPY,2025-06-20,594.280029296875
SPY,2025-06-23,600.1500244140625
SPY,2025-06-24,606.780029296875
SPY,2025-06-25,607.1199951171875
SPY,2025-06-26,611.8699951171875
SPY,2025-06-27,614.9099731445312
SPY,2025-06-30,617.8499755859375
SPY,2025-07-01,617.6500244140625
SPY,2025-07-02,620.4500122070312
SPY,2025-07-03,625.3400268554688
SPY,2025-07-07,620.6799926757812
SPY,2025-07-08,620.3400268554688
SPY,2025-07-09,624.0599975585938
SPY,2025-07-10,625.8200073242188
SPY,2025-07-11,623.6199951171875
SPY,2025-07-14,624.8099975585938
SPY,2025-07-15,622.1400146484375
SPY,2025-07-16,624.219970703125
SPY,2025-07-17,628.0399780273438
SPY,2025-07-18,627.5800170898438
SPY,2025-07-21,628.77001953125
SPY,2025-07-22,628.8599853515625
SPY,2025-07-23,634.2100219726562
SPY,2025-07-24,634.4199829101562
SPY,2025-07-25,637.0999755859375
SPY,2025-07-28,636.9400024414062
SPY,2025-07-29,635.260009765625
SPY,2025-07-30,634.4600219726562
SPY,2025-07-31,632.0800170898438
SPY,2025-08-01,621.719970703125
SPY,2025-08-04,631.1699829101562
SPY,2025-08-05,627.969970703125
SPY,2025-08-06,632.780029296875
SPY,2025-08-07,632.25
SPY,2025-08-08,637.1799926757812
SPY,2025-08-11,635.9199829101562
SPY,2025-08-12,642.6900024414062
SPY,2025-08-13,644.8900146484375
SPY,2025-08-14,644.9500122070312
SPY,2025-08-15,643.4400024414062
SPY,2025-08-18,643.2999877929688
SPY,2025-08-19,639.8099975585938
SPY,2025-08-20,638.1099853515625
SPY,2025-08-21,635.5499877929688
SPY,2025-08-22,645.3099975585938
